Algorithm,Width,Height,Time_us
Direct,1,1,0.0556
Direct,1,21,0.0284
Direct,1,41,0.0253
Direct,1,61,0.0257
Direct,1,81,0.0255
Direct,1,101,0.0247
Direct,1,121,0.0239
Direct,1,141,0.0264
Direct,1,161,0.0255
Direct,1,181,0.0262
Direct,1,201,0.0274
Direct,1,221,0.0247
Direct,1,241,0.0261
Direct,1,261,0.0257
Direct,1,281,0.0254
Direct,1,301,0.0248
Direct,1,321,0.0254
Direct,1,341,0.0246
Direct,1,361,0.0239
Direct,1,381,0.0258
Direct,1,401,0.0262
Direct,21,1,0.6209
Direct,21,21,0.5190
Direct,21,41,0.5227
Direct,21,61,0.5120
Direct,21,81,0.5274
Direct,21,101,0.5214
Direct,21,121,0.5220
Direct,21,141,0.5207
Direct,21,161,0.5919
Direct,21,181,0.4912
Direct,21,201,0.4848
Direct,21,221,0.4846
Direct,21,241,0.4822
Direct,21,261,0.4847
Direct,21,281,0.4888
Direct,21,301,0.4866
Direct,21,321,0.4814
Direct,21,341,0.4828
Direct,21,361,0.4722
Direct,21,381,0.4780
Direct,21,401,0.4801
Direct,41,1,0.6384
Direct,41,21,0.5903
Direct,41,41,0.5922
Direct,41,61,0.5921
Direct,41,81,0.5958
Direct,41,101,0.5934
Direct,41,121,0.5993
Direct,41,141,0.5929
Direct,41,161,0.6235
Direct,41,181,0.5934
Direct,41,201,0.5920
Direct,41,221,0.5869
Direct,41,241,0.6446
Direct,41,261,0.5873
Direct,41,281,0.5898
Direct,41,301,0.6037
Direct,41,321,0.6131
Direct,41,341,0.6071
Direct,41,361,0.5943
Direct,41,381,0.5890
Direct,41,401,0.5875
Direct,61,1,0.8383
Direct,61,21,0.7096
Direct,61,41,0.6840
Direct,61,61,0.6589
Direct,61,81,0.6553
Direct,61,101,0.6674
Direct,61,121,0.6658
Direct,61,141,0.6539
Direct,61,161,0.6555
Direct,61,181,0.6557
Direct,61,201,0.6597
Direct,61,221,0.6724
Direct,61,241,0.6699
Direct,61,261,0.6658
Direct,61,281,0.6628
Direct,61,301,0.6709
Direct,61,321,0.6732
Direct,61,341,0.6723
Direct,61,361,0.6701
Direct,61,381,0.6775
Direct,61,401,0.6766
Direct,81,1,0.8201
Direct,81,21,0.7467
Direct,81,41,0.7417
Direct,81,61,0.7430
Direct,81,81,0.7367
Direct,81,101,0.7440
Direct,81,121,0.7415
Direct,81,141,0.7423
Direct,81,161,0.7416
Direct,81,181,0.7425
Direct,81,201,0.7391
Direct,81,221,0.7405
Direct,81,241,0.7322
Direct,81,261,0.7420
Direct,81,281,0.7396
Direct,81,301,0.7426
Direct,81,321,0.7466
Direct,81,341,0.7680
Direct,81,361,0.8063
Direct,81,381,0.7278
Direct,81,401,0.7407
Direct,101,1,0.9415
Direct,101,21,0.8368
Direct,101,41,0.8130
Direct,101,61,0.8112
Direct,101,81,0.8200
Direct,101,101,0.8209
Direct,101,121,0.8223
Direct,101,141,0.8114
Direct,101,161,0.8114
Direct,101,181,0.8105
Direct,101,201,0.8012
Direct,101,221,0.8056
Direct,101,241,0.8048
Direct,101,261,0.8065
Direct,101,281,0.8151
Direct,101,301,0.8154
Direct,101,321,0.8117
Direct,101,341,0.7986
Direct,101,361,0.7938
Direct,101,381,0.8065
Direct,101,401,0.8046
Direct,121,1,0.9074
Direct,121,21,0.8852
Direct,121,41,0.8662
Direct,121,61,0.8516
Direct,121,81,0.8544
Direct,121,101,0.8692
Direct,121,121,0.8628
Direct,121,141,0.8916
Direct,121,161,0.8749
Direct,121,181,0.8605
Direct,121,201,0.8539
Direct,121,221,0.8566
Direct,121,241,0.8750
Direct,121,261,0.8691
Direct,121,281,0.8590
Direct,121,301,0.8670
Direct,121,321,0.8467
Direct,121,341,0.8562
Direct,121,361,0.8652
Direct,121,381,0.8762
Direct,121,401,0.8664
Direct,141,1,1.0070
Direct,141,21,0.9416
Direct,141,41,0.9228
Direct,141,61,0.9424
Direct,141,81,0.9288
Direct,141,101,0.9317
Direct,141,121,0.9236
Direct,141,141,0.9152
Direct,141,161,0.9155
Direct,141,181,0.9307
Direct,141,201,0.9233
Direct,141,221,0.9191
Direct,141,241,0.9188
Direct,141,261,0.9387
Direct,141,281,0.9465
Direct,141,301,0.9259
Direct,141,321,0.9239
Direct,141,341,0.9341
Direct,141,361,0.9349
Direct,141,381,0.9197
Direct,141,401,0.9278
Direct,161,1,1.0798
Direct,161,21,0.9991
Direct,161,41,1.0063
Direct,161,61,0.9921
Direct,161,81,1.0082
Direct,161,101,1.0177
Direct,161,121,1.0254
Direct,161,141,1.0108
Direct,161,161,1.0254
Direct,161,181,1.0071
Direct,161,201,1.0155
Direct,161,221,1.0031
Direct,161,241,0.9940
Direct,161,261,0.9976
Direct,161,281,0.9928
Direct,161,301,0.9919
Direct,161,321,1.0064
Direct,161,341,1.0201
Direct,161,361,0.9976
Direct,161,381,1.0154
Direct,161,401,1.0190
Direct,181,1,1.0905
Direct,181,21,1.0061
Direct,181,41,1.0176
Direct,181,61,1.0292
Direct,181,81,0.9992
Direct,181,101,1.0011
Direct,181,121,1.0261
Direct,181,141,1.0411
Direct,181,161,1.0419
Direct,181,181,1.0321
Direct,181,201,1.0451
Direct,181,221,1.0396
Direct,181,241,1.0305
Direct,181,261,1.0516
Direct,181,281,1.0408
Direct,181,301,1.0395
Direct,181,321,1.0250
Direct,181,341,1.0280
Direct,181,361,1.0327
Direct,181,381,1.0507
Direct,181,401,1.0397
Direct,201,1,1.1692
Direct,201,21,1.1014
Direct,201,41,1.1070
Direct,201,61,1.1049
Direct,201,81,1.0969
Direct,201,101,1.0975
Direct,201,121,1.1005
Direct,201,141,1.1121
Direct,201,161,1.1105
Direct,201,181,1.1117
Direct,201,201,1.1129
Direct,201,221,1.1194
Direct,201,241,1.1054
Direct,201,261,1.1014
Direct,201,281,1.1268
Direct,201,301,1.1132
Direct,201,321,1.1102
Direct,201,341,1.0923
Direct,201,361,1.1119
Direct,201,381,1.1029
Direct,201,401,1.1053
Direct,221,1,1.3383
Direct,221,21,1.1544
Direct,221,41,1.1621
Direct,221,61,1.1528
Direct,221,81,1.1638
Direct,221,101,1.1842
Direct,221,121,1.1797
Direct,221,141,1.1869
Direct,221,161,1.1808
Direct,221,181,1.1727
Direct,221,201,1.1655
Direct,221,221,1.1624
Direct,221,241,1.1603
Direct,221,261,1.1736
Direct,221,281,1.1909
Direct,221,301,1.1650
Direct,221,321,1.1672
Direct,221,341,1.1762
Direct,221,361,1.1768
Direct,221,381,1.1894
Direct,221,401,1.1491
Direct,241,1,1.3324
Direct,241,21,1.2209
Direct,241,41,1.2335
Direct,241,61,1.2572
Direct,241,81,1.2432
Direct,241,101,1.2748
Direct,241,121,1.2349
Direct,241,141,1.2705
Direct,241,161,1.2355
Direct,241,181,1.2204
Direct,241,201,1.2276
Direct,241,221,1.2292
Direct,241,241,1.2326
Direct,241,261,1.2131
Direct,241,281,1.2328
Direct,241,301,1.2394
Direct,241,321,1.2330
Direct,241,341,1.2538
Direct,241,361,1.2357
Direct,241,381,1.2326
Direct,241,401,1.2267
Direct,261,1,1.4470
Direct,261,21,1.2985
Direct,261,41,1.2726
Direct,261,61,1.3199
Direct,261,81,1.2679
Direct,261,101,1.2366
Direct,261,121,1.2485
Direct,261,141,1.2385
Direct,261,161,1.2720
Direct,261,181,1.4662
Direct,261,201,1.2252
Direct,261,221,1.2519
Direct,261,241,1.2339
Direct,261,261,1.2661
Direct,261,281,1.2508
Direct,261,301,1.2360
Direct,261,321,1.2477
Direct,261,341,1.2482
Direct,261,361,1.2540
Direct,261,381,1.2486
Direct,261,401,1.2328
Direct,281,1,1.4212
Direct,281,21,1.3082
Direct,281,41,1.3280
Direct,281,61,1.3264
Direct,281,81,1.3181
Direct,281,101,1.2973
Direct,281,121,1.2956
Direct,281,141,1.2940
Direct,281,161,1.2944
Direct,281,181,1.2905
Direct,281,201,1.3028
Direct,281,221,1.3075
Direct,281,241,1.2825
Direct,281,261,1.3015
Direct,281,281,1.3293
Direct,281,301,1.3149
Direct,281,321,1.3180
Direct,281,341,1.3160
Direct,281,361,1.3167
Direct,281,381,1.2855
Direct,281,401,1.3000
Direct,301,1,1.5341
Direct,301,21,1.3810
Direct,301,41,1.3746
Direct,301,61,1.3885
Direct,301,81,1.3956
Direct,301,101,1.4191
Direct,301,121,1.4231
Direct,301,141,1.4121
Direct,301,161,1.4196
Direct,301,181,1.4246
Direct,301,201,1.4041
Direct,301,221,1.3860
Direct,301,241,1.3892
Direct,301,261,1.3835
Direct,301,281,1.4035
Direct,301,301,1.3883
Direct,301,321,1.4038
Direct,301,341,1.3871
Direct,301,361,1.3970
Direct,301,381,1.4064
Direct,301,401,1.3852
Direct,321,1,1.5952
Direct,321,21,1.4745
Direct,321,41,1.4623
Direct,321,61,1.4956
Direct,321,81,1.4663
Direct,321,101,1.4627
Direct,321,121,1.4754
Direct,321,141,1.4868
Direct,321,161,1.4497
Direct,321,181,1.4654
Direct,321,201,1.4822
Direct,321,221,1.4635
Direct,321,241,1.4863
Direct,321,261,1.5062
Direct,321,281,1.4546
Direct,321,301,1.4466
Direct,321,321,1.4566
Direct,321,341,1.4710
Direct,321,361,1.4722
Direct,321,381,1.4820
Direct,321,401,1.4997
Direct,341,1,1.6527
Direct,341,21,1.5023
Direct,341,41,1.5033
Direct,341,61,1.5150
Direct,341,81,1.5165
Direct,341,101,1.4811
Direct,341,121,1.4692
Direct,341,141,1.4737
Direct,341,161,1.4754
Direct,341,181,1.4801
Direct,341,201,1.4828
Direct,341,221,1.4798
Direct,341,241,1.4686
Direct,341,261,1.4788
Direct,341,281,1.4748
Direct,341,301,1.4821
Direct,341,321,1.4524
Direct,341,341,1.4660
Direct,341,361,1.4936
Direct,341,381,1.4861
Direct,341,401,1.4913
Direct,361,1,1.6683
Direct,361,21,1.5520
Direct,361,41,1.5245
Direct,361,61,1.5402
Direct,361,81,1.5462
Direct,361,101,1.5274
Direct,361,121,1.5188
Direct,361,141,1.5170
Direct,361,161,1.5471
Direct,361,181,1.5319
Direct,361,201,1.5239
Direct,361,221,1.5214
Direct,361,241,1.5172
Direct,361,261,1.5153
Direct,361,281,1.5348
Direct,361,301,1.5097
Direct,361,321,1.5057
Direct,361,341,1.5141
Direct,361,361,1.4965
Direct,361,381,1.5341
Direct,361,401,1.5212
Direct,381,1,1.7112
Direct,381,21,1.5533
Direct,381,41,1.5635
Direct,381,61,1.6426
Direct,381,81,1.5866
Direct,381,101,1.5722
Direct,381,121,1.5996
Direct,381,141,1.6058
Direct,381,161,1.5991
Direct,381,181,1.5728
Direct,381,201,1.5832
Direct,381,221,1.6027
Direct,381,241,1.6108
Direct,381,261,1.5936
Direct,381,281,1.5904
Direct,381,301,1.5525
Direct,381,321,1.5728
Direct,381,341,1.5983
Direct,381,361,1.5735
Direct,381,381,1.5704
Direct,381,401,1.6072
Direct,401,1,1.7428
Direct,401,21,1.6148
Direct,401,41,1.6213
Direct,401,61,1.5924
Direct,401,81,1.6276
Direct,401,101,1.5719
Direct,401,121,1.5759
Direct,401,141,1.5792
Direct,401,161,1.5868
Direct,401,181,1.5571
Direct,401,201,1.5611
Direct,401,221,1.5752
Direct,401,241,1.5664
Direct,401,261,1.5801
Direct,401,281,1.6198
Direct,401,301,1.5978
Direct,401,321,1.6126
Direct,401,341,1.6150
Direct,401,361,1.6474
Direct,401,381,1.6446
Direct,401,401,1.5813
Hybrid,1,1,0.0322
Hybrid,1,21,0.0256
Hybrid,1,41,0.0240
Hybrid,1,61,0.0245
Hybrid,1,81,0.0239
Hybrid,1,101,0.0246
Hybrid,1,121,0.0242
Hybrid,1,141,0.0233
Hybrid,1,161,0.0256
Hybrid,1,181,0.0251
Hybrid,1,201,0.0253
Hybrid,1,221,0.0227
Hybrid,1,241,0.0253
Hybrid,1,261,0.0246
Hybrid,1,281,0.0250
Hybrid,1,301,0.0251
Hybrid,1,321,0.0253
Hybrid,1,341,0.0224
Hybrid,1,361,0.0234
Hybrid,1,381,0.0243
Hybrid,1,401,0.0259
Hybrid,21,1,0.5304
Hybrid,21,21,0.5461
Hybrid,21,41,0.5658
Hybrid,21,61,0.5675
Hybrid,21,81,0.6288
Hybrid,21,101,0.6068
Hybrid,21,121,0.6602
Hybrid,21,141,0.6222
Hybrid,21,161,0.6135
Hybrid,21,181,0.6264
Hybrid,21,201,0.6534
Hybrid,21,221,0.6621
Hybrid,21,241,0.6661
Hybrid,21,261,0.6801
Hybrid,21,281,0.7075
Hybrid,21,301,0.7192
Hybrid,21,321,0.7532
Hybrid,21,341,0.7498
Hybrid,21,361,0.7790
Hybrid,21,381,0.7814
Hybrid,21,401,0.7958
Hybrid,41,1,0.5811
Hybrid,41,21,0.6218
Hybrid,41,41,0.6421
Hybrid,41,61,0.6689
Hybrid,41,81,0.6563
Hybrid,41,101,0.7328
Hybrid,41,121,0.6987
Hybrid,41,141,0.7012
Hybrid,41,161,0.7308
Hybrid,41,181,0.7397
Hybrid,41,201,0.7428
Hybrid,41,221,0.7576
Hybrid,41,241,0.7737
Hybrid,41,261,0.7847
Hybrid,41,281,0.8043
Hybrid,41,301,0.8513
Hybrid,41,321,0.8684
Hybrid,41,341,0.8618
Hybrid,41,361,0.8679
Hybrid,41,381,0.9009
Hybrid,41,401,0.9240
Hybrid,61,1,0.6834
Hybrid,61,21,0.7745
Hybrid,61,41,0.7281
Hybrid,61,61,0.7086
Hybrid,61,81,0.7284
Hybrid,61,101,0.7446
Hybrid,61,121,0.7661
Hybrid,61,141,0.7650
Hybrid,61,161,0.8042
Hybrid,61,181,0.8155
Hybrid,61,201,0.8259
Hybrid,61,221,0.8849
Hybrid,61,241,0.8635
Hybrid,61,261,0.8717
Hybrid,61,281,0.9008
Hybrid,61,301,0.9099
Hybrid,61,321,0.9314
Hybrid,61,341,0.9565
Hybrid,61,361,0.9653
Hybrid,61,381,0.9888
Hybrid,61,401,1.0358
Hybrid,81,1,0.7484
Hybrid,81,21,0.8197
Hybrid,81,41,0.7995
Hybrid,81,61,0.8076
Hybrid,81,81,0.9069
Hybrid,81,101,0.8307
Hybrid,81,121,0.8473
Hybrid,81,141,0.9489
Hybrid,81,161,0.8879
Hybrid,81,181,0.9055
Hybrid,81,201,0.9057
Hybrid,81,221,0.9307
Hybrid,81,241,0.9444
Hybrid,81,261,0.9566
Hybrid,81,281,1.0057
Hybrid,81,301,1.0119
Hybrid,81,321,1.0420
Hybrid,81,341,1.1123
Hybrid,81,361,1.0371
Hybrid,81,381,1.0609
Hybrid,81,401,1.0604
Hybrid,101,1,0.8004
Hybrid,101,21,0.8553
Hybrid,101,41,0.8671
Hybrid,101,61,0.8770
Hybrid,101,81,0.9072
Hybrid,101,101,0.9173
Hybrid,101,121,0.9366
Hybrid,101,141,0.9287
Hybrid,101,161,0.9677
Hybrid,101,181,0.9897
Hybrid,101,201,0.9773
Hybrid,101,221,1.0346
Hybrid,101,241,1.0128
Hybrid,101,261,1.0471
Hybrid,101,281,1.0448
Hybrid,101,301,1.0967
Hybrid,101,321,1.0863
Hybrid,101,341,1.0916
Hybrid,101,361,1.1008
Hybrid,101,381,1.1079
Hybrid,101,401,1.1518
Hybrid,121,1,0.8462
Hybrid,121,21,0.9382
Hybrid,121,41,0.9555
Hybrid,121,61,0.9296
Hybrid,121,81,0.9422
Hybrid,121,101,0.9790
Hybrid,121,121,0.9835
Hybrid,121,141,1.0252
Hybrid,121,161,1.0169
Hybrid,121,181,1.0215
Hybrid,121,201,1.0445
Hybrid,121,221,1.0971
Hybrid,121,241,1.1061
Hybrid,121,261,1.1198
Hybrid,121,281,1.1203
Hybrid,121,301,1.1334
Hybrid,121,321,1.1361
Hybrid,121,341,1.1738
Hybrid,121,361,1.1923
Hybrid,121,381,1.2114
Hybrid,121,401,1.2261
Hybrid,141,1,0.9228
Hybrid,141,21,0.9968
Hybrid,141,41,1.0041
Hybrid,141,61,1.0129
Hybrid,141,81,1.0156
Hybrid,141,101,1.0395
Hybrid,141,121,1.0631
Hybrid,141,141,1.0487
Hybrid,141,161,1.0792
Hybrid,141,181,1.0857
Hybrid,141,201,1.1028
Hybrid,141,221,1.1281
Hybrid,141,241,1.1570
Hybrid,141,261,1.1559
Hybrid,141,281,1.2204
Hybrid,141,301,1.1942
Hybrid,141,321,1.2191
Hybrid,141,341,1.2245
Hybrid,141,361,1.2763
Hybrid,141,381,1.2416
Hybrid,141,401,1.2764
Hybrid,161,1,0.9560
Hybrid,161,21,1.1076
Hybrid,161,41,1.1156
Hybrid,161,61,1.1361
Hybrid,161,81,1.1129
Hybrid,161,101,1.1220
Hybrid,161,121,1.1610
Hybrid,161,141,1.1509
Hybrid,161,161,1.1741
Hybrid,161,181,1.1659
Hybrid,161,201,1.2190
Hybrid,161,221,1.2113
Hybrid,161,241,1.2360
Hybrid,161,261,1.2318
Hybrid,161,281,1.2640
Hybrid,161,301,1.2469
Hybrid,161,321,1.3008
Hybrid,161,341,1.3477
Hybrid,161,361,1.3399
Hybrid,161,381,1.3529
Hybrid,161,401,1.3603
Hybrid,181,1,0.9740
Hybrid,181,21,1.0913
Hybrid,181,41,1.1221
Hybrid,181,61,1.1183
Hybrid,181,81,1.1451
Hybrid,181,101,1.1646
Hybrid,181,121,1.1976
Hybrid,181,141,1.2033
Hybrid,181,161,1.2243
Hybrid,181,181,1.2009
Hybrid,181,201,1.2595
Hybrid,181,221,1.2660
Hybrid,181,241,1.3024
Hybrid,181,261,1.2942
Hybrid,181,281,1.3194
Hybrid,181,301,1.3127
Hybrid,181,321,1.3537
Hybrid,181,341,1.3420
Hybrid,181,361,1.3802
Hybrid,181,381,1.4371
Hybrid,181,401,1.5054
Hybrid,201,1,1.0510
Hybrid,201,21,1.2107
Hybrid,201,41,1.2019
Hybrid,201,61,1.2188
Hybrid,201,81,1.1950
Hybrid,201,101,1.2165
Hybrid,201,121,1.2322
Hybrid,201,141,1.2724
Hybrid,201,161,1.2828
Hybrid,201,181,1.2969
Hybrid,201,201,1.3640
Hybrid,201,221,1.2987
Hybrid,201,241,1.3736
Hybrid,201,261,1.3919
Hybrid,201,281,1.3960
Hybrid,201,301,1.3803
Hybrid,201,321,1.3969
Hybrid,201,341,1.4474
Hybrid,201,361,1.4450
Hybrid,201,381,1.4786
Hybrid,201,401,1.4679
Hybrid,221,1,1.1252
Hybrid,221,21,1.2624
Hybrid,221,41,1.2859
Hybrid,221,61,1.2937
Hybrid,221,81,1.3014
Hybrid,221,101,1.3638
Hybrid,221,121,1.3317
Hybrid,221,141,1.3758
Hybrid,221,161,1.3547
Hybrid,221,181,1.4121
Hybrid,221,201,1.3647
Hybrid,221,221,1.3874
Hybrid,221,241,1.4053
Hybrid,221,261,1.3937
Hybrid,221,281,1.4394
Hybrid,221,301,1.4558
Hybrid,221,321,1.4773
Hybrid,221,341,1.5268
Hybrid,221,361,1.5159
Hybrid,221,381,1.5300
Hybrid,221,401,1.5106
Hybrid,241,1,1.1767
Hybrid,241,21,1.3310
Hybrid,241,41,1.3637
Hybrid,241,61,1.3979
Hybrid,241,81,1.4299
Hybrid,241,101,1.3853
Hybrid,241,121,1.4258
Hybrid,241,141,1.4975
Hybrid,241,161,1.4297
Hybrid,241,181,1.4004
Hybrid,241,201,1.4522
Hybrid,241,221,1.4612
Hybrid,241,241,1.4785
Hybrid,241,261,1.4550
Hybrid,241,281,1.5019
Hybrid,241,301,1.5581
Hybrid,241,321,1.5589
Hybrid,241,341,1.5713
Hybrid,241,361,1.6121
Hybrid,241,381,1.6117
Hybrid,241,401,1.6173
Hybrid,261,1,1.2457
Hybrid,261,21,1.4232
Hybrid,261,41,1.4318
Hybrid,261,61,1.4824
Hybrid,261,81,1.4695
Hybrid,261,101,1.4513
Hybrid,261,121,1.4285
Hybrid,261,141,1.4379
Hybrid,261,161,1.4430
Hybrid,261,181,1.5009
Hybrid,261,201,1.4929
Hybrid,261,221,1.4948
Hybrid,261,241,1.4607
Hybrid,261,261,1.5705
Hybrid,261,281,1.5393
Hybrid,261,301,1.5335
Hybrid,261,321,1.5935
Hybrid,261,341,1.6158
Hybrid,261,361,1.6100
Hybrid,261,381,1.6094
Hybrid,261,401,1.6497
Hybrid,281,1,1.2524
Hybrid,281,21,1.4570
Hybrid,281,41,1.5286
Hybrid,281,61,1.5075
Hybrid,281,81,1.4951
Hybrid,281,101,1.5027
Hybrid,281,121,1.5240
Hybrid,281,141,1.4826
Hybrid,281,161,1.5194
Hybrid,281,181,1.5650
Hybrid,281,201,1.6155
Hybrid,281,221,1.5521
Hybrid,281,241,1.6173
Hybrid,281,261,1.6082
Hybrid,281,281,1.6267
Hybrid,281,301,1.6494
Hybrid,281,321,1.6559
Hybrid,281,341,1.6893
Hybrid,281,361,1.6806
Hybrid,281,381,1.6682
Hybrid,281,401,1.7435
Hybrid,301,1,1.3302
Hybrid,301,21,1.5074
Hybrid,301,41,1.5692
Hybrid,301,61,1.5900
Hybrid,301,81,1.6504
Hybrid,301,101,1.6563
Hybrid,301,121,1.6566
Hybrid,301,141,1.6834
Hybrid,301,161,1.6767
Hybrid,301,181,1.6583
Hybrid,301,201,1.6539
Hybrid,301,221,1.6557
Hybrid,301,241,1.6892
Hybrid,301,261,1.7115
Hybrid,301,281,1.7462
Hybrid,301,301,1.7364
Hybrid,301,321,1.7136
Hybrid,301,341,1.7483
Hybrid,301,361,1.7496
Hybrid,301,381,1.8110
Hybrid,301,401,1.8001
Hybrid,321,1,1.4341
Hybrid,321,21,1.6630
Hybrid,321,41,1.6414
Hybrid,321,61,1.6472
Hybrid,321,81,1.7288
Hybrid,321,101,1.6956
Hybrid,321,121,1.7013
Hybrid,321,141,1.7256
Hybrid,321,161,1.7164
Hybrid,321,181,1.7435
Hybrid,321,201,1.7507
Hybrid,321,221,1.7705
Hybrid,321,241,1.8140
Hybrid,321,261,1.7712
Hybrid,321,281,1.7284
Hybrid,321,301,1.8037
Hybrid,321,321,1.8187
Hybrid,321,341,1.8347
Hybrid,321,361,1.8594
Hybrid,321,381,1.8879
Hybrid,321,401,1.9159
Hybrid,341,1,1.4289
Hybrid,341,21,1.6821
Hybrid,341,41,1.7062
Hybrid,341,61,1.7410
Hybrid,341,81,1.7182
Hybrid,341,101,1.7508
Hybrid,341,121,1.6842
Hybrid,341,141,1.7411
Hybrid,341,161,1.7682
Hybrid,341,181,1.7471
Hybrid,341,201,1.7995
Hybrid,341,221,1.7851
Hybrid,341,241,1.8457
Hybrid,341,261,1.7833
Hybrid,341,281,1.8075
Hybrid,341,301,1.8258
Hybrid,341,321,1.8385
Hybrid,341,341,1.8593
Hybrid,341,361,1.9296
Hybrid,341,381,1.8611
Hybrid,341,401,1.9430
Hybrid,361,1,1.4725
Hybrid,361,21,1.7258
Hybrid,361,41,1.7351
Hybrid,361,61,1.7651
Hybrid,361,81,1.7665
Hybrid,361,101,1.7897
Hybrid,361,121,1.8185
Hybrid,361,141,1.8273
Hybrid,361,161,1.8080
Hybrid,361,181,1.8386
Hybrid,361,201,1.8868
Hybrid,361,221,1.8517
Hybrid,361,241,1.8763
Hybrid,361,261,1.8172
Hybrid,361,281,1.8699
Hybrid,361,301,1.8497
Hybrid,361,321,1.9636
Hybrid,361,341,1.9244
Hybrid,361,361,1.9322
Hybrid,361,381,1.9918
Hybrid,361,401,1.9421
Hybrid,381,1,1.5097
Hybrid,381,21,1.7284
Hybrid,381,41,1.7625
Hybrid,381,61,1.8102
Hybrid,381,81,1.8522
Hybrid,381,101,1.8556
Hybrid,381,121,1.8579
Hybrid,381,141,1.9582
Hybrid,381,161,1.8651
Hybrid,381,181,1.8965
Hybrid,381,201,1.9463
Hybrid,381,221,1.9323
Hybrid,381,241,1.9380
Hybrid,381,261,2.0591
Hybrid,381,281,1.9558
Hybrid,381,301,1.9964
Hybrid,381,321,1.9408
Hybrid,381,341,2.0094
Hybrid,381,361,1.9691
Hybrid,381,381,2.0266
Hybrid,381,401,2.0249
Hybrid,401,1,1.5406
Hybrid,401,21,1.8097
Hybrid,401,41,1.8724
Hybrid,401,61,1.8757
Hybrid,401,81,1.9094
Hybrid,401,101,1.8618
Hybrid,401,121,1.9120
Hybrid,401,141,1.8864
Hybrid,401,161,1.8979
Hybrid,401,181,1.9069
Hybrid,401,201,1.9623
Hybrid,401,221,1.9861
Hybrid,401,241,1.9678
Hybrid,401,261,1.9908
Hybrid,401,281,2.0119
Hybrid,401,301,1.9541
Hybrid,401,321,2.0577
Hybrid,401,341,1.9991
Hybrid,401,361,2.1312
Hybrid,401,381,2.1089
Hybrid,401,401,2.0267
Incremental,1,1,0.0293
Incremental,1,21,0.0257
Incremental,1,41,0.0272
Incremental,1,61,0.0257
Incremental,1,81,0.0224
Incremental,1,101,0.0251
Incremental,1,121,0.0251
Incremental,1,141,0.0240
Incremental,1,161,0.0237
Incremental,1,181,0.0265
Incremental,1,201,0.0274
Incremental,1,221,0.0242
Incremental,1,241,0.0256
Incremental,1,261,0.0239
Incremental,1,281,0.0232
Incremental,1,301,0.0245
Incremental,1,321,0.0237
Incremental,1,341,0.0241
Incremental,1,361,0.0248
Incremental,1,381,0.0248
Incremental,1,401,0.0248
Incremental,21,1,0.5380
Incremental,21,21,0.5254
Incremental,21,41,0.5259
Incremental,21,61,0.5601
Incremental,21,81,0.5860
Incremental,21,101,0.5761
Incremental,21,121,0.5891
Incremental,21,141,0.5857
Incremental,21,161,0.5843
Incremental,21,181,0.6114
Incremental,21,201,0.6203
Incremental,21,221,0.6563
Incremental,21,241,0.6527
Incremental,21,261,0.6754
Incremental,21,281,0.6816
Incremental,21,301,0.7321
Incremental,21,321,0.7466
Incremental,21,341,0.7459
Incremental,21,361,0.7719
Incremental,21,381,0.7696
Incremental,21,401,0.7901
Incremental,41,1,0.5718
Incremental,41,21,0.5922
Incremental,41,41,0.6014
Incremental,41,61,0.6259
Incremental,41,81,0.6369
Incremental,41,101,0.6451
Incremental,41,121,0.6569
Incremental,41,141,0.6645
Incremental,41,161,0.7031
Incremental,41,181,0.7014
Incremental,41,201,0.7020
Incremental,41,221,0.7240
Incremental,41,241,0.7309
Incremental,41,261,0.7755
Incremental,41,281,0.7734
Incremental,41,301,0.8070
Incremental,41,321,0.8583
Incremental,41,341,0.8493
Incremental,41,361,0.8475
Incremental,41,381,0.8821
Incremental,41,401,0.8872
Incremental,61,1,0.6634
Incremental,61,21,0.7690
Incremental,61,41,0.6688
Incremental,61,61,0.6585
Incremental,61,81,0.6845
Incremental,61,101,0.7144
Incremental,61,121,0.7039
Incremental,61,141,0.7205
Incremental,61,161,0.7331
Incremental,61,181,0.7577
Incremental,61,201,0.7757
Incremental,61,221,0.8178
Incremental,61,241,0.8093
Incremental,61,261,0.9301
Incremental,61,281,0.8422
Incremental,61,301,0.8774
Incremental,61,321,0.8813
Incremental,61,341,0.9113
Incremental,61,361,0.9158
Incremental,61,381,0.9415
Incremental,61,401,0.9561
Incremental,81,1,0.7019
Incremental,81,21,0.7169
Incremental,81,41,0.7325
Incremental,81,61,0.7415
Incremental,81,81,0.7638
Incremental,81,101,0.7837
Incremental,81,121,0.7799
Incremental,81,141,0.8047
Incremental,81,161,0.8237
Incremental,81,181,0.8424
Incremental,81,201,0.8641
Incremental,81,221,0.8681
Incremental,81,241,0.8599
Incremental,81,261,0.8890
Incremental,81,281,0.9207
Incremental,81,301,0.9221
Incremental,81,321,0.9460
Incremental,81,341,1.0157
Incremental,81,361,0.9814
Incremental,81,381,0.9786
Incremental,81,401,1.0045
Incremental,101,1,0.7590
Incremental,101,21,0.7893
Incremental,101,41,0.8102
Incremental,101,61,0.8023
Incremental,101,81,0.8368
Incremental,101,101,0.8422
Incremental,101,121,0.8593
Incremental,101,141,0.8501
Incremental,101,161,0.9197
Incremental,101,181,0.8984
Incremental,101,201,0.8953
Incremental,101,221,0.9219
Incremental,101,241,0.9289
Incremental,101,261,0.9681
Incremental,101,281,0.9824
Incremental,101,301,1.0074
Incremental,101,321,0.9974
Incremental,101,341,1.0073
Incremental,101,361,1.0134
Incremental,101,381,1.0616
Incremental,101,401,1.0741
Incremental,121,1,0.7939
Incremental,121,21,0.8396
Incremental,121,41,0.8371
Incremental,121,61,0.8546
Incremental,121,81,0.8567
Incremental,121,101,0.9072
Incremental,121,121,0.8951
Incremental,121,141,0.9248
Incremental,121,161,0.9287
Incremental,121,181,0.9427
Incremental,121,201,0.9682
Incremental,121,221,1.0029
Incremental,121,241,0.9964
Incremental,121,261,1.0315
Incremental,121,281,1.0217
Incremental,121,301,1.0375
Incremental,121,321,1.0419
Incremental,121,341,1.0717
Incremental,121,361,1.0847
Incremental,121,381,1.0964
Incremental,121,401,1.1408
Incremental,141,1,0.8511
Incremental,141,21,0.8607
Incremental,141,41,0.8866
Incremental,141,61,0.9046
Incremental,141,81,0.9128
Incremental,141,101,0.9368
Incremental,141,121,0.9483
Incremental,141,141,0.9920
Incremental,141,161,0.9606
Incremental,141,181,0.9681
Incremental,141,201,0.9997
Incremental,141,221,1.0111
Incremental,141,241,1.0307
Incremental,141,261,1.0415
Incremental,141,281,1.0802
Incremental,141,301,1.0933
Incremental,141,321,1.1144
Incremental,141,341,1.1110
Incremental,141,361,1.1326
Incremental,141,381,1.1215
Incremental,141,401,1.1312
Incremental,161,1,0.8957
Incremental,161,21,0.9496
Incremental,161,41,0.9545
Incremental,161,61,0.9560
Incremental,161,81,0.9840
Incremental,161,101,1.0288
Incremental,161,121,1.0290
Incremental,161,141,1.0422
Incremental,161,161,1.0508
Incremental,161,181,1.0630
Incremental,161,201,1.0794
Incremental,161,221,1.0814
Incremental,161,241,1.0956
Incremental,161,261,1.1006
Incremental,161,281,1.1289
Incremental,161,301,1.1375
Incremental,161,321,1.1670
Incremental,161,341,1.1870
Incremental,161,361,1.2059
Incremental,161,381,1.1928
Incremental,161,401,1.2119
Incremental,181,1,0.9050
Incremental,181,21,0.9395
Incremental,181,41,0.9494
Incremental,181,61,0.9885
Incremental,181,81,1.0155
Incremental,181,101,1.0142
Incremental,181,121,1.0220
Incremental,181,141,1.0497
Incremental,181,161,1.0856
Incremental,181,181,1.1004
Incremental,181,201,1.1193
Incremental,181,221,1.1203
Incremental,181,241,1.1343
Incremental,181,261,1.1727
Incremental,181,281,1.1884
Incremental,181,301,1.1800
Incremental,181,321,1.1839
Incremental,181,341,1.2404
Incremental,181,361,1.2359
Incremental,181,381,1.2383
Incremental,181,401,1.2284
Incremental,201,1,0.9952
Incremental,201,21,1.0057
Incremental,201,41,1.0859
Incremental,201,61,1.0405
Incremental,201,81,1.0511
Incremental,201,101,1.0616
Incremental,201,121,1.0748
Incremental,201,141,1.0958
Incremental,201,161,1.1497
Incremental,201,181,1.1473
Incremental,201,201,1.1637
Incremental,201,221,1.1735
Incremental,201,241,1.1832
Incremental,201,261,1.1926
Incremental,201,281,1.2132
Incremental,201,301,1.2266
Incremental,201,321,1.2159
Incremental,201,341,1.2630
Incremental,201,361,1.2651
Incremental,201,381,1.2827
Incremental,201,401,1.3157
Incremental,221,1,1.0712
Incremental,221,21,1.1571
Incremental,221,41,1.0713
Incremental,221,61,1.0844
Incremental,221,81,1.1186
Incremental,221,101,1.1453
Incremental,221,121,1.1719
Incremental,221,141,1.1732
Incremental,221,161,1.1764
Incremental,221,181,1.1963
Incremental,221,201,1.1971
Incremental,221,221,1.2251
Incremental,221,241,1.2544
Incremental,221,261,1.2253
Incremental,221,281,1.2602
Incremental,221,301,1.2839
Incremental,221,321,1.2845
Incremental,221,341,1.3431
Incremental,221,361,1.3279
Incremental,221,381,1.3511
Incremental,221,401,1.3331
Incremental,241,1,1.1045
Incremental,241,21,1.1616
Incremental,241,41,1.1587
Incremental,241,61,1.1710
Incremental,241,81,1.1999
Incremental,241,101,1.1958
Incremental,241,121,1.2247
Incremental,241,141,1.2290
Incremental,241,161,1.2298
Incremental,241,181,1.2386
Incremental,241,201,1.2534
Incremental,241,221,1.2552
Incremental,241,241,1.2806
Incremental,241,261,1.2804
Incremental,241,281,1.3164
Incremental,241,301,1.3228
Incremental,241,321,1.3386
Incremental,241,341,1.3690
Incremental,241,361,1.3739
Incremental,241,381,1.4017
Incremental,241,401,1.4149
Incremental,261,1,1.1428
Incremental,261,21,1.1672
Incremental,261,41,1.1742
Incremental,261,61,1.2070
Incremental,261,81,1.2100
Incremental,261,101,1.2028
Incremental,261,121,1.1961
Incremental,261,141,1.2099
Incremental,261,161,1.2652
Incremental,261,181,1.2736
Incremental,261,201,1.2721
Incremental,261,221,1.2616
Incremental,261,241,1.2961
Incremental,261,261,1.3252
Incremental,261,281,1.3262
Incremental,261,301,1.3428
Incremental,261,321,1.3560
Incremental,261,341,1.4032
Incremental,261,361,1.4057
Incremental,261,381,1.4212
Incremental,261,401,1.4218
Incremental,281,1,1.1780
Incremental,281,21,1.2173
Incremental,281,41,1.2290
Incremental,281,61,1.2464
Incremental,281,81,1.2386
Incremental,281,101,1.2647
Incremental,281,121,1.2458
Incremental,281,141,1.2925
Incremental,281,161,1.3176
Incremental,281,181,1.3336
Incremental,281,201,1.3086
Incremental,281,221,1.3527
Incremental,281,241,1.3585
Incremental,281,261,1.4009
Incremental,281,281,1.4224
Incremental,281,301,1.4145
Incremental,281,321,1.4237
Incremental,281,341,1.4510
Incremental,281,361,1.4305
Incremental,281,381,1.4725
Incremental,281,401,1.4948
Incremental,301,1,1.2386
Incremental,301,21,1.2450
Incremental,301,41,1.3025
Incremental,301,61,1.3008
Incremental,301,81,1.3426
Incremental,301,101,1.3408
Incremental,301,121,1.3610
Incremental,301,141,1.3900
Incremental,301,161,1.4060
Incremental,301,181,1.3953
Incremental,301,201,1.3793
Incremental,301,221,1.4117
Incremental,301,241,1.4024
Incremental,301,261,1.4448
Incremental,301,281,1.4547
Incremental,301,301,1.4798
Incremental,301,321,1.4663
Incremental,301,341,1.4772
Incremental,301,361,1.5299
Incremental,301,381,1.5386
Incremental,301,401,1.5435
Incremental,321,1,1.3135
Incremental,321,21,1.3282
Incremental,321,41,1.3227
Incremental,321,61,1.3476
Incremental,321,81,1.3811
Incremental,321,101,1.3807
Incremental,321,121,1.3883
Incremental,321,141,1.4265
Incremental,321,161,1.4067
Incremental,321,181,1.4645
Incremental,321,201,1.4880
Incremental,321,221,1.4721
Incremental,321,241,1.5277
Incremental,321,261,1.4983
Incremental,321,281,1.4801
Incremental,321,301,1.5268
Incremental,321,321,1.5350
Incremental,321,341,1.5616
Incremental,321,361,1.5738
Incremental,321,381,1.6255
Incremental,321,401,1.6231
Incremental,341,1,1.3374
Incremental,341,21,1.3721
Incremental,341,41,1.4217
Incremental,341,61,1.4134
Incremental,341,81,1.4057
Incremental,341,101,1.4148
Incremental,341,121,1.4051
Incremental,341,141,1.4439
Incremental,341,161,1.4535
Incremental,341,181,1.4422
Incremental,341,201,1.4635
Incremental,341,221,1.4988
Incremental,341,241,1.5042
Incremental,341,261,1.4781
Incremental,341,281,1.5126
Incremental,341,301,1.5449
Incremental,341,321,1.5477
Incremental,341,341,1.5729
Incremental,341,361,1.6473
Incremental,341,381,1.5993
Incremental,341,401,1.6249
Incremental,361,1,1.3967
Incremental,361,21,1.4050
Incremental,361,41,1.4153
Incremental,361,61,1.4570
Incremental,361,81,1.4420
Incremental,361,101,1.4623
Incremental,361,121,1.4287
Incremental,361,141,1.4614
Incremental,361,161,1.4894
Incremental,361,181,1.5081
Incremental,361,201,1.5477
Incremental,361,221,1.5086
Incremental,361,241,1.5381
Incremental,361,261,1.5451
Incremental,361,281,1.5925
Incremental,361,301,1.5860
Incremental,361,321,1.5994
Incremental,361,341,1.6152
Incremental,361,361,1.6113
Incremental,361,381,1.6210
Incremental,361,401,1.6641
Incremental,381,1,1.3800
Incremental,381,21,1.4219
Incremental,381,41,1.4352
Incremental,381,61,1.4811
Incremental,381,81,1.4561
Incremental,381,101,1.4713
Incremental,381,121,1.4853
Incremental,381,141,1.4956
Incremental,381,161,1.5313
Incremental,381,181,1.5369
Incremental,381,201,1.5504
Incremental,381,221,1.5934
Incremental,381,241,1.6044
Incremental,381,261,1.6527
Incremental,381,281,1.6224
Incremental,381,301,1.6509
Incremental,381,321,1.6361
Incremental,381,341,1.6429
Incremental,381,361,1.6546
Incremental,381,381,1.6750
Incremental,381,401,1.7401
Incremental,401,1,1.4082
Incremental,401,21,1.4672
Incremental,401,41,1.4758
Incremental,401,61,1.4984
Incremental,401,81,1.4936
Incremental,401,101,1.5060
Incremental,401,121,1.5075
Incremental,401,141,1.5009
Incremental,401,161,1.5284
Incremental,401,181,1.5364
Incremental,401,201,1.5661
Incremental,401,221,1.5607
Incremental,401,241,1.6028
Incremental,401,261,1.6443
Incremental,401,281,1.6485
Incremental,401,301,1.7813
Incremental,401,321,1.6945
Incremental,401,341,1.6921
Incremental,401,361,1.7454
Incremental,401,381,1.7203
Incremental,401,401,1.6920
IncrementalFast,1,1,0.0257
IncrementalFast,1,21,0.0243
IncrementalFast,1,41,0.0266
IncrementalFast,1,61,0.0253
IncrementalFast,1,81,0.0250
IncrementalFast,1,101,0.0272
IncrementalFast,1,121,0.0235
IncrementalFast,1,141,0.0248
IncrementalFast,1,161,0.0253
IncrementalFast,1,181,0.0270
IncrementalFast,1,201,0.0257
IncrementalFast,1,221,0.0261
IncrementalFast,1,241,0.0256
IncrementalFast,1,261,0.0237
IncrementalFast,1,281,0.0257
IncrementalFast,1,301,0.0243
IncrementalFast,1,321,0.0238
IncrementalFast,1,341,0.0239
IncrementalFast,1,361,0.3579
IncrementalFast,1,381,0.0255
IncrementalFast,1,401,0.0237
IncrementalFast,21,1,0.5106
IncrementalFast,21,21,0.5227
IncrementalFast,21,41,0.4962
IncrementalFast,21,61,0.5093
IncrementalFast,21,81,0.5248
IncrementalFast,21,101,0.5089
IncrementalFast,21,121,0.5045
IncrementalFast,21,141,0.5251
IncrementalFast,21,161,0.4893
IncrementalFast,21,181,0.4994
IncrementalFast,21,201,0.4842
IncrementalFast,21,221,0.4965
IncrementalFast,21,241,0.5034
IncrementalFast,21,261,0.5847
IncrementalFast,21,281,0.4969
IncrementalFast,21,301,0.5011
IncrementalFast,21,321,0.5049
IncrementalFast,21,341,0.4927
IncrementalFast,21,361,0.5014
IncrementalFast,21,381,0.5074
IncrementalFast,21,401,0.5107
IncrementalFast,41,1,0.5494
IncrementalFast,41,21,0.5615
IncrementalFast,41,41,0.5654
IncrementalFast,41,61,0.5759
IncrementalFast,41,81,0.6143
IncrementalFast,41,101,0.5700
IncrementalFast,41,121,0.5731
IncrementalFast,41,141,0.5949
IncrementalFast,41,161,0.5838
IncrementalFast,41,181,0.6663
IncrementalFast,41,201,0.5743
IncrementalFast,41,221,0.5935
IncrementalFast,41,241,0.5816
IncrementalFast,41,261,0.5966
IncrementalFast,41,281,0.5982
IncrementalFast,41,301,0.7646
IncrementalFast,41,321,0.6078
IncrementalFast,41,341,0.6065
IncrementalFast,41,361,0.6080
IncrementalFast,41,381,0.6039
IncrementalFast,41,401,0.6067
IncrementalFast,61,1,0.6173
IncrementalFast,61,21,0.8238
IncrementalFast,61,41,0.6331
IncrementalFast,61,61,0.6065
IncrementalFast,61,81,0.6072
IncrementalFast,61,101,0.6089
IncrementalFast,61,121,0.6203
IncrementalFast,61,141,0.6093
IncrementalFast,61,161,0.6163
IncrementalFast,61,181,0.6217
IncrementalFast,61,201,0.6428
IncrementalFast,61,221,0.6450
IncrementalFast,61,241,0.6436
IncrementalFast,61,261,0.6315
IncrementalFast,61,281,0.6555
IncrementalFast,61,301,0.6513
IncrementalFast,61,321,0.6531
IncrementalFast,61,341,0.6529
IncrementalFast,61,361,0.6662
IncrementalFast,61,381,0.6806
IncrementalFast,61,401,0.6757
IncrementalFast,81,1,0.6759
IncrementalFast,81,21,0.6833
IncrementalFast,81,41,0.6805
IncrementalFast,81,61,0.6861
IncrementalFast,81,81,0.7063
IncrementalFast,81,101,0.6877
IncrementalFast,81,121,0.6890
IncrementalFast,81,141,0.6846
IncrementalFast,81,161,0.6811
IncrementalFast,81,181,0.7004
IncrementalFast,81,201,0.7029
IncrementalFast,81,221,0.7097
IncrementalFast,81,241,0.7014
IncrementalFast,81,261,0.7219
IncrementalFast,81,281,0.7108
IncrementalFast,81,301,0.7193
IncrementalFast,81,321,0.7369
IncrementalFast,81,341,0.7222
IncrementalFast,81,361,0.7152
IncrementalFast,81,381,0.7161
IncrementalFast,81,401,0.7261
IncrementalFast,101,1,0.7143
IncrementalFast,101,21,0.7479
IncrementalFast,101,41,0.7367
IncrementalFast,101,61,0.7421
IncrementalFast,101,81,0.7696
IncrementalFast,101,101,0.7488
IncrementalFast,101,121,0.7543
IncrementalFast,101,141,0.7493
IncrementalFast,101,161,0.7604
IncrementalFast,101,181,0.7476
IncrementalFast,101,201,0.7452
IncrementalFast,101,221,0.7473
IncrementalFast,101,241,0.7612
IncrementalFast,101,261,0.7891
IncrementalFast,101,281,0.7752
IncrementalFast,101,301,0.7746
IncrementalFast,101,321,0.7756
IncrementalFast,101,341,0.7648
IncrementalFast,101,361,0.7747
IncrementalFast,101,381,0.7944
IncrementalFast,101,401,0.7817
IncrementalFast,121,1,0.7537
IncrementalFast,121,21,0.7975
IncrementalFast,121,41,0.7734
IncrementalFast,121,61,0.7782
IncrementalFast,121,81,0.7900
IncrementalFast,121,101,0.8025
IncrementalFast,121,121,0.7991
IncrementalFast,121,141,0.7933
IncrementalFast,121,161,0.7919
IncrementalFast,121,181,0.8003
IncrementalFast,121,201,0.7999
IncrementalFast,121,221,0.8069
IncrementalFast,121,241,0.8019
IncrementalFast,121,261,0.7987
IncrementalFast,121,281,0.8112
IncrementalFast,121,301,0.8088
IncrementalFast,121,321,0.7965
IncrementalFast,121,341,0.8052
IncrementalFast,121,361,0.8148
IncrementalFast,121,381,0.8175
IncrementalFast,121,401,0.8740
IncrementalFast,141,1,0.7950
IncrementalFast,141,21,0.8199
IncrementalFast,141,41,0.8219
IncrementalFast,141,61,0.8262
IncrementalFast,141,81,0.8176
IncrementalFast,141,101,0.8165
IncrementalFast,141,121,0.8190
IncrementalFast,141,141,0.8734
IncrementalFast,141,161,0.8188
IncrementalFast,141,181,0.8231
IncrementalFast,141,201,0.8411
IncrementalFast,141,221,0.8268
IncrementalFast,141,241,0.8319
IncrementalFast,141,261,0.8422
IncrementalFast,141,281,0.8405
IncrementalFast,141,301,0.8517
IncrementalFast,141,321,0.8434
IncrementalFast,141,341,0.8555
IncrementalFast,141,361,0.8532
IncrementalFast,141,381,0.8352
IncrementalFast,141,401,0.8358
IncrementalFast,161,1,0.8628
IncrementalFast,161,21,0.8790
IncrementalFast,161,41,0.8793
IncrementalFast,161,61,0.8889
IncrementalFast,161,81,0.9087
IncrementalFast,161,101,0.8983
IncrementalFast,161,121,0.8978
IncrementalFast,161,141,0.9197
IncrementalFast,161,161,0.9036
IncrementalFast,161,181,0.9045
IncrementalFast,161,201,0.8891
IncrementalFast,161,221,0.8919
IncrementalFast,161,241,0.9091
IncrementalFast,161,261,0.8888
IncrementalFast,161,281,0.8939
IncrementalFast,161,301,0.9007
IncrementalFast,161,321,0.9306
IncrementalFast,161,341,0.9108
IncrementalFast,161,361,0.9226
IncrementalFast,161,381,0.9161
IncrementalFast,161,401,0.9127
IncrementalFast,181,1,0.8355
IncrementalFast,181,21,0.8768
IncrementalFast,181,41,0.8861
IncrementalFast,181,61,0.8775
IncrementalFast,181,81,0.8926
IncrementalFast,181,101,0.8878
IncrementalFast,181,121,0.8832
IncrementalFast,181,141,0.8998
IncrementalFast,181,161,0.9346
IncrementalFast,181,181,0.9123
IncrementalFast,181,201,0.9399
IncrementalFast,181,221,0.9105
IncrementalFast,181,241,0.9220
IncrementalFast,181,261,0.9373
IncrementalFast,181,281,0.9366
IncrementalFast,181,301,0.9261
IncrementalFast,181,321,0.9281
IncrementalFast,181,341,0.9367
IncrementalFast,181,361,0.9318
IncrementalFast,181,381,0.9295
IncrementalFast,181,401,0.9362
IncrementalFast,201,1,0.9064
IncrementalFast,201,21,0.9656
IncrementalFast,201,41,0.9494
IncrementalFast,201,61,0.9420
IncrementalFast,201,81,0.9518
IncrementalFast,201,101,0.9322
IncrementalFast,201,121,0.9296
IncrementalFast,201,141,0.9864
IncrementalFast,201,161,0.9667
IncrementalFast,201,181,0.9686
IncrementalFast,201,201,0.9973
IncrementalFast,201,221,0.9687
IncrementalFast,201,241,0.9685
IncrementalFast,201,261,0.9818
IncrementalFast,201,281,0.9830
IncrementalFast,201,301,0.9879
IncrementalFast,201,321,0.9761
IncrementalFast,201,341,0.9931
IncrementalFast,201,361,0.9759
IncrementalFast,201,381,0.9683
IncrementalFast,201,401,0.9636
IncrementalFast,221,1,0.9550
IncrementalFast,221,21,0.9840
IncrementalFast,221,41,0.9670
IncrementalFast,221,61,1.0075
IncrementalFast,221,81,0.9913
IncrementalFast,221,101,1.0122
IncrementalFast,221,121,1.0180
IncrementalFast,221,141,1.0283
IncrementalFast,221,161,1.0155
IncrementalFast,221,181,1.0062
IncrementalFast,221,201,1.0179
IncrementalFast,221,221,1.0121
IncrementalFast,221,241,1.0325
IncrementalFast,221,261,1.0094
IncrementalFast,221,281,1.0274
IncrementalFast,221,301,1.0182
IncrementalFast,221,321,1.0178
IncrementalFast,221,341,1.0474
IncrementalFast,221,361,1.0330
IncrementalFast,221,381,1.0221
IncrementalFast,221,401,1.0076
IncrementalFast,241,1,0.9924
IncrementalFast,241,21,1.0720
IncrementalFast,241,41,1.0495
IncrementalFast,241,61,1.0541
IncrementalFast,241,81,1.0669
IncrementalFast,241,101,1.0828
IncrementalFast,241,121,1.0829
IncrementalFast,241,141,1.0804
IncrementalFast,241,161,1.0563
IncrementalFast,241,181,1.0661
IncrementalFast,241,201,1.0685
IncrementalFast,241,221,1.0491
IncrementalFast,241,241,1.0480
IncrementalFast,241,261,1.0539
IncrementalFast,241,281,1.0874
IncrementalFast,241,301,1.0693
IncrementalFast,241,321,1.1131
IncrementalFast,241,341,1.0847
IncrementalFast,241,361,1.0889
IncrementalFast,241,381,1.0908
IncrementalFast,241,401,1.0865
IncrementalFast,261,1,1.0199
IncrementalFast,261,21,1.0578
IncrementalFast,261,41,1.0790
IncrementalFast,261,61,1.0876
IncrementalFast,261,81,1.0846
IncrementalFast,261,101,1.0599
IncrementalFast,261,121,1.0342
IncrementalFast,261,141,1.0789
IncrementalFast,261,161,1.0814
IncrementalFast,261,181,1.0583
IncrementalFast,261,201,1.0546
IncrementalFast,261,221,1.0249
IncrementalFast,261,241,1.0546
IncrementalFast,261,261,1.0626
IncrementalFast,261,281,1.0841
IncrementalFast,261,301,1.0810
IncrementalFast,261,321,1.0954
IncrementalFast,261,341,1.0883
IncrementalFast,261,361,1.0934
IncrementalFast,261,381,1.0854
IncrementalFast,261,401,1.1372
IncrementalFast,281,1,1.0427
IncrementalFast,281,21,1.1111
IncrementalFast,281,41,1.0980
IncrementalFast,281,61,1.1067
IncrementalFast,281,81,1.1040
IncrementalFast,281,101,1.1020
IncrementalFast,281,121,1.1021
IncrementalFast,281,141,1.0910
IncrementalFast,281,161,1.0978
IncrementalFast,281,181,1.1087
IncrementalFast,281,201,1.0940
IncrementalFast,281,221,1.1101
IncrementalFast,281,241,1.1097
IncrementalFast,281,261,1.1348
IncrementalFast,281,281,1.1367
IncrementalFast,281,301,1.1243
IncrementalFast,281,321,1.1192
IncrementalFast,281,341,1.1366
IncrementalFast,281,361,1.1281
IncrementalFast,281,381,1.1358
IncrementalFast,281,401,1.1517
IncrementalFast,301,1,1.1101
IncrementalFast,301,21,1.1398
IncrementalFast,301,41,1.1635
IncrementalFast,301,61,1.1703
IncrementalFast,301,81,1.1794
IncrementalFast,301,101,1.1729
IncrementalFast,301,121,1.1987
IncrementalFast,301,141,1.2002
IncrementalFast,301,161,1.1844
IncrementalFast,301,181,1.1845
IncrementalFast,301,201,1.1625
IncrementalFast,301,221,1.1558
IncrementalFast,301,241,1.1544
IncrementalFast,301,261,1.1803
IncrementalFast,301,281,1.1878
IncrementalFast,301,301,1.1906
IncrementalFast,301,321,1.1937
IncrementalFast,301,341,1.1795
IncrementalFast,301,361,1.2008
IncrementalFast,301,381,1.1932
IncrementalFast,301,401,1.1936
IncrementalFast,321,1,1.1942
IncrementalFast,321,21,1.2156
IncrementalFast,321,41,1.2043
IncrementalFast,321,61,1.2059
IncrementalFast,321,81,1.2323
IncrementalFast,321,101,1.2474
IncrementalFast,321,121,1.2442
IncrementalFast,321,141,1.2269
IncrementalFast,321,161,1.2239
IncrementalFast,321,181,1.2509
IncrementalFast,321,201,1.2406
IncrementalFast,321,221,1.2255
IncrementalFast,321,241,1.2690
IncrementalFast,321,261,1.2315
IncrementalFast,321,281,1.2191
IncrementalFast,321,301,1.2363
IncrementalFast,321,321,1.2411
IncrementalFast,321,341,1.2617
IncrementalFast,321,361,1.2426
IncrementalFast,321,381,1.2744
IncrementalFast,321,401,1.2806
IncrementalFast,341,1,1.1953
IncrementalFast,341,21,1.2545
IncrementalFast,341,41,1.2443
IncrementalFast,341,61,1.2475
IncrementalFast,341,81,1.2388
IncrementalFast,341,101,1.2247
IncrementalFast,341,121,1.2277
IncrementalFast,341,141,1.2258
IncrementalFast,341,161,1.2414
IncrementalFast,341,181,1.2360
IncrementalFast,341,201,1.2294
IncrementalFast,341,221,1.2253
IncrementalFast,341,241,1.2498
IncrementalFast,341,261,1.2370
IncrementalFast,341,281,1.2423
IncrementalFast,341,301,1.2288
IncrementalFast,341,321,1.2451
IncrementalFast,341,341,1.2831
IncrementalFast,341,361,1.2556
IncrementalFast,341,381,1.2895
IncrementalFast,341,401,1.2669
IncrementalFast,361,1,1.2060
IncrementalFast,361,21,1.2730
IncrementalFast,361,41,1.2724
IncrementalFast,361,61,1.2724
IncrementalFast,361,81,1.2574
IncrementalFast,361,101,1.2665
IncrementalFast,361,121,1.2497
IncrementalFast,361,141,1.2610
IncrementalFast,361,161,1.2768
IncrementalFast,361,181,1.2591
IncrementalFast,361,201,1.3098
IncrementalFast,361,221,1.2429
IncrementalFast,361,241,1.2718
IncrementalFast,361,261,1.3070
IncrementalFast,361,281,1.2976
IncrementalFast,361,301,1.2891
IncrementalFast,361,321,1.2947
IncrementalFast,361,341,1.2527
IncrementalFast,361,361,1.2749
IncrementalFast,361,381,1.2856
IncrementalFast,361,401,1.2857
IncrementalFast,381,1,1.2389
IncrementalFast,381,21,1.3013
IncrementalFast,381,41,1.2747
IncrementalFast,381,61,1.3083
IncrementalFast,381,81,1.2950
IncrementalFast,381,101,1.3086
IncrementalFast,381,121,1.2663
IncrementalFast,381,141,1.3000
IncrementalFast,381,161,1.2926
IncrementalFast,381,181,1.3008
IncrementalFast,381,201,1.3375
IncrementalFast,381,221,1.3043
IncrementalFast,381,241,1.3415
IncrementalFast,381,261,1.3463
IncrementalFast,381,281,1.3396
IncrementalFast,381,301,1.3935
IncrementalFast,381,321,1.2801
IncrementalFast,381,341,1.3054
IncrementalFast,381,361,1.3787
IncrementalFast,381,381,1.3265
IncrementalFast,381,401,1.3488
IncrementalFast,401,1,1.2461
IncrementalFast,401,21,1.3469
IncrementalFast,401,41,1.3072
IncrementalFast,401,61,1.3182
IncrementalFast,401,81,1.3054
IncrementalFast,401,101,1.3072
IncrementalFast,401,121,1.2933
IncrementalFast,401,141,1.2911
IncrementalFast,401,161,1.2929
IncrementalFast,401,181,1.2917
IncrementalFast,401,201,1.2837
IncrementalFast,401,221,1.3126
IncrementalFast,401,241,1.3052
IncrementalFast,401,261,1.3298
IncrementalFast,401,281,1.3853
IncrementalFast,401,301,1.3416
IncrementalFast,401,321,1.3998
IncrementalFast,401,341,1.3364
IncrementalFast,401,361,1.3535
IncrementalFast,401,381,1.3406
IncrementalFast,401,401,1.3401
IncrementalReverse,1,1,0.0329
IncrementalReverse,1,21,0.0260
IncrementalReverse,1,41,0.0265
IncrementalReverse,1,61,0.0240
IncrementalReverse,1,81,0.0237
IncrementalReverse,1,101,0.0262
IncrementalReverse,1,121,0.0238
IncrementalReverse,1,141,0.0249
IncrementalReverse,1,161,0.0243
IncrementalReverse,1,181,0.0244
IncrementalReverse,1,201,0.0252
IncrementalReverse,1,221,0.0264
IncrementalReverse,1,241,0.0257
IncrementalReverse,1,261,0.0248
IncrementalReverse,1,281,0.0261
IncrementalReverse,1,301,0.0237
IncrementalReverse,1,321,0.0262
IncrementalReverse,1,341,0.0261
IncrementalReverse,1,361,0.0258
IncrementalReverse,1,381,0.0260
IncrementalReverse,1,401,0.0259
IncrementalReverse,21,1,0.5216
IncrementalReverse,21,21,0.5657
IncrementalReverse,21,41,0.5476
IncrementalReverse,21,61,0.5898
IncrementalReverse,21,81,0.5680
IncrementalReverse,21,101,0.5441
IncrementalReverse,21,121,0.5619
IncrementalReverse,21,141,0.5212
IncrementalReverse,21,161,0.5212
IncrementalReverse,21,181,0.5067
IncrementalReverse,21,201,0.5348
IncrementalReverse,21,221,0.5294
IncrementalReverse,21,241,0.5428
IncrementalReverse,21,261,0.5260
IncrementalReverse,21,281,0.5384
IncrementalReverse,21,301,0.5360
IncrementalReverse,21,321,0.5333
IncrementalReverse,21,341,0.5434
IncrementalReverse,21,361,0.5461
IncrementalReverse,21,381,0.5490
IncrementalReverse,21,401,0.5706
IncrementalReverse,41,1,0.5788
IncrementalReverse,41,21,0.6005
IncrementalReverse,41,41,0.6100
IncrementalReverse,41,61,0.6258
IncrementalReverse,41,81,0.6162
IncrementalReverse,41,101,0.6604
IncrementalReverse,41,121,0.6286
IncrementalReverse,41,141,0.9664
IncrementalReverse,41,161,0.6443
IncrementalReverse,41,181,0.6426
IncrementalReverse,41,201,0.6275
IncrementalReverse,41,221,0.6328
IncrementalReverse,41,241,0.6429
IncrementalReverse,41,261,0.6585
IncrementalReverse,41,281,0.6427
IncrementalReverse,41,301,0.6717
IncrementalReverse,41,321,0.6728
IncrementalReverse,41,341,0.6641
IncrementalReverse,41,361,0.6765
IncrementalReverse,41,381,0.6584
IncrementalReverse,41,401,0.6857
IncrementalReverse,61,1,0.6687
IncrementalReverse,61,21,0.8010
IncrementalReverse,61,41,0.6825
IncrementalReverse,61,61,0.6820
IncrementalReverse,61,81,0.6812
IncrementalReverse,61,101,0.6836
IncrementalReverse,61,121,0.6961
IncrementalReverse,61,141,0.6929
IncrementalReverse,61,161,0.6987
IncrementalReverse,61,181,0.7020
IncrementalReverse,61,201,0.7131
IncrementalReverse,61,221,0.7208
IncrementalReverse,61,241,0.7352
IncrementalReverse,61,261,0.7278
IncrementalReverse,61,281,0.7397
IncrementalReverse,61,301,0.7471
IncrementalReverse,61,321,0.7296
IncrementalReverse,61,341,0.7357
IncrementalReverse,61,361,0.7483
IncrementalReverse,61,381,0.7702
IncrementalReverse,61,401,0.7474
IncrementalReverse,81,1,0.7136
IncrementalReverse,81,21,0.7454
IncrementalReverse,81,41,0.7822
IncrementalReverse,81,61,0.7517
IncrementalReverse,81,81,0.7638
IncrementalReverse,81,101,0.7649
IncrementalReverse,81,121,0.7890
IncrementalReverse,81,141,0.7738
IncrementalReverse,81,161,0.8015
IncrementalReverse,81,181,0.8022
IncrementalReverse,81,201,0.8060
IncrementalReverse,81,221,0.8006
IncrementalReverse,81,241,0.8075
IncrementalReverse,81,261,0.8150
IncrementalReverse,81,281,0.8143
IncrementalReverse,81,301,0.8494
IncrementalReverse,81,321,0.8249
IncrementalReverse,81,341,0.8300
IncrementalReverse,81,361,0.8024
IncrementalReverse,81,381,0.8098
IncrementalReverse,81,401,0.8264
IncrementalReverse,101,1,0.7649
IncrementalReverse,101,21,0.8162
IncrementalReverse,101,41,0.8100
IncrementalReverse,101,61,0.8270
IncrementalReverse,101,81,0.8477
IncrementalReverse,101,101,0.8318
IncrementalReverse,101,121,0.8564
IncrementalReverse,101,141,0.8472
IncrementalReverse,101,161,0.8593
IncrementalReverse,101,181,0.8748
IncrementalReverse,101,201,0.8528
IncrementalReverse,101,221,0.8679
IncrementalReverse,101,241,0.8690
IncrementalReverse,101,261,0.8975
IncrementalReverse,101,281,0.9077
IncrementalReverse,101,301,0.8928
IncrementalReverse,101,321,0.8960
IncrementalReverse,101,341,0.9066
IncrementalReverse,101,361,0.9285
IncrementalReverse,101,381,0.9093
IncrementalReverse,101,401,0.9042
IncrementalReverse,121,1,0.8061
IncrementalReverse,121,21,0.8722
IncrementalReverse,121,41,0.8499
IncrementalReverse,121,61,0.8524
IncrementalReverse,121,81,0.8880
IncrementalReverse,121,101,0.9032
IncrementalReverse,121,121,0.8925
IncrementalReverse,121,141,0.9281
IncrementalReverse,121,161,0.9099
IncrementalReverse,121,181,0.9172
IncrementalReverse,121,201,0.9426
IncrementalReverse,121,221,0.9544
IncrementalReverse,121,241,0.9384
IncrementalReverse,121,261,0.9432
IncrementalReverse,121,281,0.9361
IncrementalReverse,121,301,0.9215
IncrementalReverse,121,321,0.9341
IncrementalReverse,121,341,0.9588
IncrementalReverse,121,361,0.9849
IncrementalReverse,121,381,0.9582
IncrementalReverse,121,401,1.0328
IncrementalReverse,141,1,0.8720
IncrementalReverse,141,21,0.8906
IncrementalReverse,141,41,0.9243
IncrementalReverse,141,61,0.9239
IncrementalReverse,141,81,0.9239
IncrementalReverse,141,101,0.9206
IncrementalReverse,141,121,0.9167
IncrementalReverse,141,141,0.9564
IncrementalReverse,141,161,0.9765
IncrementalReverse,141,181,0.9569
IncrementalReverse,141,201,0.9734
IncrementalReverse,141,221,0.9894
IncrementalReverse,141,241,0.9975
IncrementalReverse,141,261,1.0022
IncrementalReverse,141,281,1.0079
IncrementalReverse,141,301,0.9916
IncrementalReverse,141,321,1.0110
IncrementalReverse,141,341,1.0213
IncrementalReverse,141,361,1.0076
IncrementalReverse,141,381,1.0013
IncrementalReverse,141,401,1.0145
IncrementalReverse,161,1,0.9175
IncrementalReverse,161,21,0.9739
IncrementalReverse,161,41,0.9921
IncrementalReverse,161,61,0.9842
IncrementalReverse,161,81,1.0136
IncrementalReverse,161,101,1.0166
IncrementalReverse,161,121,1.0089
IncrementalReverse,161,141,1.0508
IncrementalReverse,161,161,1.0353
IncrementalReverse,161,181,1.0698
IncrementalReverse,161,201,1.0395
IncrementalReverse,161,221,1.0437
IncrementalReverse,161,241,1.0450
IncrementalReverse,161,261,1.0489
IncrementalReverse,161,281,1.0568
IncrementalReverse,161,301,1.0772
IncrementalReverse,161,321,1.0885
IncrementalReverse,161,341,1.0856
IncrementalReverse,161,361,1.0896
IncrementalReverse,161,381,1.1181
IncrementalReverse,161,401,1.0854
IncrementalReverse,181,1,0.9087
IncrementalReverse,181,21,1.0023
IncrementalReverse,181,41,0.9784
IncrementalReverse,181,61,0.9904
IncrementalReverse,181,81,1.0095
IncrementalReverse,181,101,1.0164
IncrementalReverse,181,121,1.0493
IncrementalReverse,181,141,1.0482
IncrementalReverse,181,161,1.0634
IncrementalReverse,181,181,1.0829
IncrementalReverse,181,201,1.1114
IncrementalReverse,181,221,1.0920
IncrementalReverse,181,241,1.1016
IncrementalReverse,181,261,1.1012
IncrementalReverse,181,281,1.1278
IncrementalReverse,181,301,1.1208
IncrementalReverse,181,321,1.1005
IncrementalReverse,181,341,1.1391
IncrementalReverse,181,361,1.1300
IncrementalReverse,181,381,1.1276
IncrementalReverse,181,401,1.1030
IncrementalReverse,201,1,0.9854
IncrementalReverse,201,21,1.0525
IncrementalReverse,201,41,1.0594
IncrementalReverse,201,61,1.0359
IncrementalReverse,201,81,1.0643
IncrementalReverse,201,101,1.0798
IncrementalReverse,201,121,1.0773
IncrementalReverse,201,141,1.1141
IncrementalReverse,201,161,1.1302
IncrementalReverse,201,181,1.1331
IncrementalReverse,201,201,1.1552
IncrementalReverse,201,221,1.1312
IncrementalReverse,201,241,1.1645
IncrementalReverse,201,261,1.1686
IncrementalReverse,201,281,1.1945
IncrementalReverse,201,301,1.2036
IncrementalReverse,201,321,1.1694
IncrementalReverse,201,341,1.1866
IncrementalReverse,201,361,1.2069
IncrementalReverse,201,381,1.1777
IncrementalReverse,201,401,1.1966
IncrementalReverse,221,1,1.0683
IncrementalReverse,221,21,1.1122
IncrementalReverse,221,41,1.1110
IncrementalReverse,221,61,1.1132
IncrementalReverse,221,81,1.1460
IncrementalReverse,221,101,1.1599
IncrementalReverse,221,121,1.2192
IncrementalReverse,221,141,1.1869
IncrementalReverse,221,161,1.1920
IncrementalReverse,221,181,1.2016
IncrementalReverse,221,201,1.1916
IncrementalReverse,221,221,1.2197
IncrementalReverse,221,241,1.2381
IncrementalReverse,221,261,1.2258
IncrementalReverse,221,281,1.2302
IncrementalReverse,221,301,1.2374
IncrementalReverse,221,321,1.2397
IncrementalReverse,221,341,1.2740
IncrementalReverse,221,361,1.2846
IncrementalReverse,221,381,1.2720
IncrementalReverse,221,401,1.2568
IncrementalReverse,241,1,1.1147
IncrementalReverse,241,21,1.1607
IncrementalReverse,241,41,1.1863
IncrementalReverse,241,61,1.2154
IncrementalReverse,241,81,1.2171
IncrementalReverse,241,101,1.2276
IncrementalReverse,241,121,1.2547
IncrementalReverse,241,141,1.2354
IncrementalReverse,241,161,1.2425
IncrementalReverse,241,181,1.2429
IncrementalReverse,241,201,1.2750
IncrementalReverse,241,221,1.2532
IncrementalReverse,241,241,1.2625
IncrementalReverse,241,261,1.2808
IncrementalReverse,241,281,1.2967
IncrementalReverse,241,301,1.2991
IncrementalReverse,241,321,1.3150
IncrementalReverse,241,341,1.3488
IncrementalReverse,241,361,1.3735
IncrementalReverse,241,381,1.3262
IncrementalReverse,241,401,1.3218
IncrementalReverse,261,1,1.1456
IncrementalReverse,261,21,1.2326
IncrementalReverse,261,41,1.2361
IncrementalReverse,261,61,1.2335
IncrementalReverse,261,81,1.2403
IncrementalReverse,261,101,1.2094
IncrementalReverse,261,121,1.2066
IncrementalReverse,261,141,1.2583
IncrementalReverse,261,161,1.2484
IncrementalReverse,261,181,1.2592
IncrementalReverse,261,201,1.2556
IncrementalReverse,261,221,1.2465
IncrementalReverse,261,241,1.2902
IncrementalReverse,261,261,1.2892
IncrementalReverse,261,281,1.2937
IncrementalReverse,261,301,1.3215
IncrementalReverse,261,321,1.3492
IncrementalReverse,261,341,1.3272
IncrementalReverse,261,361,1.3289
IncrementalReverse,261,381,1.3511
IncrementalReverse,261,401,1.3783
IncrementalReverse,281,1,1.1643
IncrementalReverse,281,21,1.2617
IncrementalReverse,281,41,1.2683
IncrementalReverse,281,61,1.2626
IncrementalReverse,281,81,1.2809
IncrementalReverse,281,101,1.3512
IncrementalReverse,281,121,1.2869
IncrementalReverse,281,141,1.2709
IncrementalReverse,281,161,1.3188
IncrementalReverse,281,181,1.3243
IncrementalReverse,281,201,1.3328
IncrementalReverse,281,221,1.3231
IncrementalReverse,281,241,1.3720
IncrementalReverse,281,261,1.3516
IncrementalReverse,281,281,1.3574
IncrementalReverse,281,301,1.3912
IncrementalReverse,281,321,1.3825
IncrementalReverse,281,341,1.3741
IncrementalReverse,281,361,1.3671
IncrementalReverse,281,381,1.4342
IncrementalReverse,281,401,1.4531
IncrementalReverse,301,1,1.2519
IncrementalReverse,301,21,1.3132
IncrementalReverse,301,41,1.3416
IncrementalReverse,301,61,1.3295
IncrementalReverse,301,81,1.3660
IncrementalReverse,301,101,1.3616
IncrementalReverse,301,121,1.4287
IncrementalReverse,301,141,1.3861
IncrementalReverse,301,161,1.3806
IncrementalReverse,301,181,1.3868
IncrementalReverse,301,201,1.4044
IncrementalReverse,301,221,1.4074
IncrementalReverse,301,241,1.3971
IncrementalReverse,301,261,1.4450
IncrementalReverse,301,281,1.4633
IncrementalReverse,301,301,1.4799
IncrementalReverse,301,321,1.4577
IncrementalReverse,301,341,1.4519
IncrementalReverse,301,361,1.4897
IncrementalReverse,301,381,1.5112
IncrementalReverse,301,401,1.4720
IncrementalReverse,321,1,1.3201
IncrementalReverse,321,21,1.3990
IncrementalReverse,321,41,1.3860
IncrementalReverse,321,61,1.3688
IncrementalReverse,321,81,1.4217
IncrementalReverse,321,101,1.4403
IncrementalReverse,321,121,1.4193
IncrementalReverse,321,141,1.4103
IncrementalReverse,321,161,1.4570
IncrementalReverse,321,181,1.4729
IncrementalReverse,321,201,1.4765
IncrementalReverse,321,221,1.4829
IncrementalReverse,321,241,1.5172
IncrementalReverse,321,261,1.4802
IncrementalReverse,321,281,1.4903
IncrementalReverse,321,301,1.5093
IncrementalReverse,321,321,1.5150
IncrementalReverse,321,341,1.5530
IncrementalReverse,321,361,1.5898
IncrementalReverse,321,381,1.5849
IncrementalReverse,321,401,1.5740
IncrementalReverse,341,1,1.3576
IncrementalReverse,341,21,1.4294
IncrementalReverse,341,41,1.4346
IncrementalReverse,341,61,1.4223
IncrementalReverse,341,81,1.4415
IncrementalReverse,341,101,1.4212
IncrementalReverse,341,121,1.4136
IncrementalReverse,341,141,1.4600
IncrementalReverse,341,161,1.4556
IncrementalReverse,341,181,1.4666
IncrementalReverse,341,201,1.4816
IncrementalReverse,341,221,1.4929
IncrementalReverse,341,241,1.5027
IncrementalReverse,341,261,1.5023
IncrementalReverse,341,281,1.5996
IncrementalReverse,341,301,1.5170
IncrementalReverse,341,321,1.5167
IncrementalReverse,341,341,1.5710
IncrementalReverse,341,361,1.5578
IncrementalReverse,341,381,1.5526
IncrementalReverse,341,401,1.5593
IncrementalReverse,361,1,1.3786
IncrementalReverse,361,21,1.4720
IncrementalReverse,361,41,1.4897
IncrementalReverse,361,61,1.4962
IncrementalReverse,361,81,1.4799
IncrementalReverse,361,101,1.4881
IncrementalReverse,361,121,1.4813
IncrementalReverse,361,141,1.5426
IncrementalReverse,361,161,1.5001
IncrementalReverse,361,181,1.5485
IncrementalReverse,361,201,1.5336
IncrementalReverse,361,221,1.5210
IncrementalReverse,361,241,1.5382
IncrementalReverse,361,261,1.5554
IncrementalReverse,361,281,1.5771
IncrementalReverse,361,301,1.5955
IncrementalReverse,361,321,1.5846
IncrementalReverse,361,341,1.5765
IncrementalReverse,361,361,1.6149
IncrementalReverse,361,381,1.6032
IncrementalReverse,361,401,1.6475
IncrementalReverse,381,1,1.4113
IncrementalReverse,381,21,1.4942
IncrementalReverse,381,41,1.5984
IncrementalReverse,381,61,1.5078
IncrementalReverse,381,81,1.5251
IncrementalReverse,381,101,1.5146
IncrementalReverse,381,121,1.5457
IncrementalReverse,381,141,1.5846
IncrementalReverse,381,161,1.5382
IncrementalReverse,381,181,1.6144
IncrementalReverse,381,201,1.6227
IncrementalReverse,381,221,1.6321
IncrementalReverse,381,241,1.6073
IncrementalReverse,381,261,1.6576
IncrementalReverse,381,281,1.5932
IncrementalReverse,381,301,1.6456
IncrementalReverse,381,321,1.7244
IncrementalReverse,381,341,1.6434
IncrementalReverse,381,361,1.5923
IncrementalReverse,381,381,1.6620
IncrementalReverse,381,401,1.6888
IncrementalReverse,401,1,1.4421
IncrementalReverse,401,21,1.5098
IncrementalReverse,401,41,1.5255
IncrementalReverse,401,61,1.5426
IncrementalReverse,401,81,1.5459
IncrementalReverse,401,101,1.5486
IncrementalReverse,401,121,1.5698
IncrementalReverse,401,141,1.5550
IncrementalReverse,401,161,1.5692
IncrementalReverse,401,181,1.5426
IncrementalReverse,401,201,1.5712
IncrementalReverse,401,221,1.5785
IncrementalReverse,401,241,1.6290
IncrementalReverse,401,261,1.6667
IncrementalReverse,401,281,1.6323
IncrementalReverse,401,301,1.6644
IncrementalReverse,401,321,1.6747
IncrementalReverse,401,341,1.6826
IncrementalReverse,401,361,1.7240
IncrementalReverse,401,381,1.6832
IncrementalReverse,401,401,1.6788
IncrementalReverseFast,1,1,0.0295
IncrementalReverseFast,1,21,0.0260
IncrementalReverseFast,1,41,0.0245
IncrementalReverseFast,1,61,0.0255
IncrementalReverseFast,1,81,0.0252
IncrementalReverseFast,1,101,0.0244
IncrementalReverseFast,1,121,0.0229
IncrementalReverseFast,1,141,0.0249
IncrementalReverseFast,1,161,0.0269
IncrementalReverseFast,1,181,0.0234
IncrementalReverseFast,1,201,0.0251
IncrementalReverseFast,1,221,0.0242
IncrementalReverseFast,1,241,0.0250
IncrementalReverseFast,1,261,0.0245
IncrementalReverseFast,1,281,0.0259
IncrementalReverseFast,1,301,0.0255
IncrementalReverseFast,1,321,0.0242
IncrementalReverseFast,1,341,0.0245
IncrementalReverseFast,1,361,0.0250
IncrementalReverseFast,1,381,0.0261
IncrementalReverseFast,1,401,0.0235
IncrementalReverseFast,21,1,0.5245
IncrementalReverseFast,21,21,0.5251
IncrementalReverseFast,21,41,0.5161
IncrementalReverseFast,21,61,0.5193
IncrementalReverseFast,21,81,0.5292
IncrementalReverseFast,21,101,0.5136
IncrementalReverseFast,21,121,0.5243
IncrementalReverseFast,21,141,0.4921
IncrementalReverseFast,21,161,0.5219
IncrementalReverseFast,21,181,0.4904
IncrementalReverseFast,21,201,0.4915
IncrementalReverseFast,21,221,0.5101
IncrementalReverseFast,21,241,0.4992
IncrementalReverseFast,21,261,0.5255
IncrementalReverseFast,21,281,0.5006
IncrementalReverseFast,21,301,0.4934
IncrementalReverseFast,21,321,0.4956
IncrementalReverseFast,21,341,0.4967
IncrementalReverseFast,21,361,0.4968
IncrementalReverseFast,21,381,0.4999
IncrementalReverseFast,21,401,0.5098
IncrementalReverseFast,41,1,0.5549
IncrementalReverseFast,41,21,0.5846
IncrementalReverseFast,41,41,0.5922
IncrementalReverseFast,41,61,0.5821
IncrementalReverseFast,41,81,0.5842
IncrementalReverseFast,41,101,0.5991
IncrementalReverseFast,41,121,0.5894
IncrementalReverseFast,41,141,0.6050
IncrementalReverseFast,41,161,0.5973
IncrementalReverseFast,41,181,0.5974
IncrementalReverseFast,41,201,0.5996
IncrementalReverseFast,41,221,0.5892
IncrementalReverseFast,41,241,0.6003
IncrementalReverseFast,41,261,0.5992
IncrementalReverseFast,41,281,0.6173
IncrementalReverseFast,41,301,0.6332
IncrementalReverseFast,41,321,0.6251
IncrementalReverseFast,41,341,0.6095
IncrementalReverseFast,41,361,0.6112
IncrementalReverseFast,41,381,0.6120
IncrementalReverseFast,41,401,0.6228
IncrementalReverseFast,61,1,0.6522
IncrementalReverseFast,61,21,0.6917
IncrementalReverseFast,61,41,0.6434
IncrementalReverseFast,61,61,0.6495
IncrementalReverseFast,61,81,0.6408
IncrementalReverseFast,61,101,0.6576
IncrementalReverseFast,61,121,0.6362
IncrementalReverseFast,61,141,0.6388
IncrementalReverseFast,61,161,0.6494
IncrementalReverseFast,61,181,0.6529
IncrementalReverseFast,61,201,0.6520
IncrementalReverseFast,61,221,0.6687
IncrementalReverseFast,61,241,0.6868
IncrementalReverseFast,61,261,0.6646
IncrementalReverseFast,61,281,0.6791
IncrementalReverseFast,61,301,0.6624
IncrementalReverseFast,61,321,0.7291
IncrementalReverseFast,61,341,0.6721
IncrementalReverseFast,61,361,0.6837
IncrementalReverseFast,61,381,0.7016
IncrementalReverseFast,61,401,0.7027
IncrementalReverseFast,81,1,0.7232
IncrementalReverseFast,81,21,0.7072
IncrementalReverseFast,81,41,0.7251
IncrementalReverseFast,81,61,0.7079
IncrementalReverseFast,81,81,0.7202
IncrementalReverseFast,81,101,0.7166
IncrementalReverseFast,81,121,0.7302
IncrementalReverseFast,81,141,0.7172
IncrementalReverseFast,81,161,0.7445
IncrementalReverseFast,81,181,0.7343
IncrementalReverseFast,81,201,0.7380
IncrementalReverseFast,81,221,0.7196
IncrementalReverseFast,81,241,0.7474
IncrementalReverseFast,81,261,0.7359
IncrementalReverseFast,81,281,0.7404
IncrementalReverseFast,81,301,0.7507
IncrementalReverseFast,81,321,0.7550
IncrementalReverseFast,81,341,0.7367
IncrementalReverseFast,81,361,0.7266
IncrementalReverseFast,81,381,0.7358
IncrementalReverseFast,81,401,0.7422
IncrementalReverseFast,101,1,0.7448
IncrementalReverseFast,101,21,0.7831
IncrementalReverseFast,101,41,0.7777
IncrementalReverseFast,101,61,0.7775
IncrementalReverseFast,101,81,0.7961
IncrementalReverseFast,101,101,0.7865
IncrementalReverseFast,101,121,0.7939
IncrementalReverseFast,101,141,0.7883
IncrementalReverseFast,101,161,0.7939
IncrementalReverseFast,101,181,0.7901
IncrementalReverseFast,101,201,0.7865
IncrementalReverseFast,101,221,0.8816
IncrementalReverseFast,101,241,0.8048
IncrementalReverseFast,101,261,0.8044
IncrementalReverseFast,101,281,0.8155
IncrementalReverseFast,101,301,0.8082
IncrementalReverseFast,101,321,0.7942
IncrementalReverseFast,101,341,0.7898
IncrementalReverseFast,101,361,0.8113
IncrementalReverseFast,101,381,0.7932
IncrementalReverseFast,101,401,0.8093
IncrementalReverseFast,121,1,0.7880
IncrementalReverseFast,121,21,0.8133
IncrementalReverseFast,121,41,0.8069
IncrementalReverseFast,121,61,0.8125
IncrementalReverseFast,121,81,0.8164
IncrementalReverseFast,121,101,0.8320
IncrementalReverseFast,121,121,0.8413
IncrementalReverseFast,121,141,0.8637
IncrementalReverseFast,121,161,0.8309
IncrementalReverseFast,121,181,0.8340
IncrementalReverseFast,121,201,0.8307
IncrementalReverseFast,121,221,0.8608
IncrementalReverseFast,121,241,0.8500
IncrementalReverseFast,121,261,0.8430
IncrementalReverseFast,121,281,0.8384
IncrementalReverseFast,121,301,0.8347
IncrementalReverseFast,121,321,0.8424
IncrementalReverseFast,121,341,0.8703
IncrementalReverseFast,121,361,0.8697
IncrementalReverseFast,121,381,0.8550
IncrementalReverseFast,121,401,0.8710
IncrementalReverseFast,141,1,0.8352
IncrementalReverseFast,141,21,0.8465
IncrementalReverseFast,141,41,0.8662
IncrementalReverseFast,141,61,0.8560
IncrementalReverseFast,141,81,0.8493
IncrementalReverseFast,141,101,0.8476
IncrementalReverseFast,141,121,0.8463
IncrementalReverseFast,141,141,0.8585
IncrementalReverseFast,141,161,0.8752
IncrementalReverseFast,141,181,0.8636
IncrementalReverseFast,141,201,0.8668
IncrementalReverseFast,141,221,0.8789
IncrementalReverseFast,141,241,0.9197
IncrementalReverseFast,141,261,0.9116
IncrementalReverseFast,141,281,0.8920
IncrementalReverseFast,141,301,0.8911
IncrementalReverseFast,141,321,0.8930
IncrementalReverseFast,141,341,0.9110
IncrementalReverseFast,141,361,0.8813
IncrementalReverseFast,141,381,0.8826
IncrementalReverseFast,141,401,0.8686
IncrementalReverseFast,161,1,0.8796
IncrementalReverseFast,161,21,0.9036
IncrementalReverseFast,161,41,0.9082
IncrementalReverseFast,161,61,0.9252
IncrementalReverseFast,161,81,0.9524
IncrementalReverseFast,161,101,0.9431
IncrementalReverseFast,161,121,0.9432
IncrementalReverseFast,161,141,0.9539
IncrementalReverseFast,161,161,0.9513
IncrementalReverseFast,161,181,0.9609
IncrementalReverseFast,161,201,0.9431
IncrementalReverseFast,161,221,0.9418
IncrementalReverseFast,161,241,0.9448
IncrementalReverseFast,161,261,0.9385
IncrementalReverseFast,161,281,0.9421
IncrementalReverseFast,161,301,0.9521
IncrementalReverseFast,161,321,0.9658
IncrementalReverseFast,161,341,0.9511
IncrementalReverseFast,161,361,0.9613
IncrementalReverseFast,161,381,0.9628
IncrementalReverseFast,161,401,0.9461
IncrementalReverseFast,181,1,0.8640
IncrementalReverseFast,181,21,0.8923
IncrementalReverseFast,181,41,0.9153
IncrementalReverseFast,181,61,0.8980
IncrementalReverseFast,181,81,0.9288
IncrementalReverseFast,181,101,0.9384
IncrementalReverseFast,181,121,0.9650
IncrementalReverseFast,181,141,0.9583
IncrementalReverseFast,181,161,0.9746
IncrementalReverseFast,181,181,0.9591
IncrementalReverseFast,181,201,0.9741
IncrementalReverseFast,181,221,0.9617
IncrementalReverseFast,181,241,0.9978
IncrementalReverseFast,181,261,0.9820
IncrementalReverseFast,181,281,0.9996
IncrementalReverseFast,181,301,0.9628
IncrementalReverseFast,181,321,0.9686
IncrementalReverseFast,181,341,0.9934
IncrementalReverseFast,181,361,0.9889
IncrementalReverseFast,181,381,0.9910
IncrementalReverseFast,181,401,0.9811
IncrementalReverseFast,201,1,0.9509
IncrementalReverseFast,201,21,0.9754
IncrementalReverseFast,201,41,0.9707
IncrementalReverseFast,201,61,0.9656
IncrementalReverseFast,201,81,0.9767
IncrementalReverseFast,201,101,1.0071
IncrementalReverseFast,201,121,0.9843
IncrementalReverseFast,201,141,1.0155
IncrementalReverseFast,201,161,1.0148
IncrementalReverseFast,201,181,1.0257
IncrementalReverseFast,201,201,1.0217
IncrementalReverseFast,201,221,1.0195
IncrementalReverseFast,201,241,1.0347
IncrementalReverseFast,201,261,1.0350
IncrementalReverseFast,201,281,1.0405
IncrementalReverseFast,201,301,1.0438
IncrementalReverseFast,201,321,1.0472
IncrementalReverseFast,201,341,1.0627
IncrementalReverseFast,201,361,1.0254
IncrementalReverseFast,201,381,1.0295
IncrementalReverseFast,201,401,1.0365
IncrementalReverseFast,221,1,1.0015
IncrementalReverseFast,221,21,1.0128
IncrementalReverseFast,221,41,1.0242
IncrementalReverseFast,221,61,1.0256
IncrementalReverseFast,221,81,1.0486
IncrementalReverseFast,221,101,1.0591
IncrementalReverseFast,221,121,1.0999
IncrementalReverseFast,221,141,1.0773
IncrementalReverseFast,221,161,1.0545
IncrementalReverseFast,221,181,1.0713
IncrementalReverseFast,221,201,1.0550
IncrementalReverseFast,221,221,1.0763
IncrementalReverseFast,221,241,1.0864
IncrementalReverseFast,221,261,1.0849
IncrementalReverseFast,221,281,1.0749
IncrementalReverseFast,221,301,1.0707
IncrementalReverseFast,221,321,1.0842
IncrementalReverseFast,221,341,1.1119
IncrementalReverseFast,221,361,1.1087
IncrementalReverseFast,221,381,1.0877
IncrementalReverseFast,221,401,1.0979
IncrementalReverseFast,241,1,1.0306
IncrementalReverseFast,241,21,1.0608
IncrementalReverseFast,241,41,1.1131
IncrementalReverseFast,241,61,1.0993
IncrementalReverseFast,241,81,1.1061
IncrementalReverseFast,241,101,1.1134
IncrementalReverseFast,241,121,1.1341
IncrementalReverseFast,241,141,1.1288
IncrementalReverseFast,241,161,1.1094
IncrementalReverseFast,241,181,1.1135
IncrementalReverseFast,241,201,1.1232
IncrementalReverseFast,241,221,1.1077
IncrementalReverseFast,241,241,1.1242
IncrementalReverseFast,241,261,1.1213
IncrementalReverseFast,241,281,1.1519
IncrementalReverseFast,241,301,1.1444
IncrementalReverseFast,241,321,1.1445
IncrementalReverseFast,241,341,1.1476
IncrementalReverseFast,241,361,1.1622
IncrementalReverseFast,241,381,1.1447
IncrementalReverseFast,241,401,1.1535
IncrementalReverseFast,261,1,1.0750
IncrementalReverseFast,261,21,1.1017
IncrementalReverseFast,261,41,1.1122
IncrementalReverseFast,261,61,1.1185
IncrementalReverseFast,261,81,1.0907
IncrementalReverseFast,261,101,1.0991
IncrementalReverseFast,261,121,1.0886
IncrementalReverseFast,261,141,1.1398
IncrementalReverseFast,261,161,1.1269
IncrementalReverseFast,261,181,1.1086
IncrementalReverseFast,261,201,1.1110
IncrementalReverseFast,261,221,1.1041
IncrementalReverseFast,261,241,1.1107
IncrementalReverseFast,261,261,1.1315
IncrementalReverseFast,261,281,1.1286
IncrementalReverseFast,261,301,1.1443
IncrementalReverseFast,261,321,1.2492
IncrementalReverseFast,261,341,1.1575
IncrementalReverseFast,261,361,1.1597
IncrementalReverseFast,261,381,1.1473
IncrementalReverseFast,261,401,1.1901
IncrementalReverseFast,281,1,1.1028
IncrementalReverseFast,281,21,1.1458
IncrementalReverseFast,281,41,1.1258
IncrementalReverseFast,281,61,1.1842
IncrementalReverseFast,281,81,1.1401
IncrementalReverseFast,281,101,1.1544
IncrementalReverseFast,281,121,1.1367
IncrementalReverseFast,281,141,1.1553
IncrementalReverseFast,281,161,1.1690
IncrementalReverseFast,281,181,1.1675
IncrementalReverseFast,281,201,1.1711
IncrementalReverseFast,281,221,1.1809
IncrementalReverseFast,281,241,1.1950
IncrementalReverseFast,281,261,1.1900
IncrementalReverseFast,281,281,1.1888
IncrementalReverseFast,281,301,1.2104
IncrementalReverseFast,281,321,1.2188
IncrementalReverseFast,281,341,1.1847
IncrementalReverseFast,281,361,1.1771
IncrementalReverseFast,281,381,1.2346
IncrementalReverseFast,281,401,1.2126
IncrementalReverseFast,301,1,1.1724
IncrementalReverseFast,301,21,1.1704
IncrementalReverseFast,301,41,1.1968
IncrementalReverseFast,301,61,1.2272
IncrementalReverseFast,301,81,1.2293
IncrementalReverseFast,301,101,1.2135
IncrementalReverseFast,301,121,1.2611
IncrementalReverseFast,301,141,1.2365
IncrementalReverseFast,301,161,1.2742
IncrementalReverseFast,301,181,1.2382
IncrementalReverseFast,301,201,1.2351
IncrementalReverseFast,301,221,1.2315
IncrementalReverseFast,301,241,1.2301
IncrementalReverseFast,301,261,1.2908
IncrementalReverseFast,301,281,1.2682
IncrementalReverseFast,301,301,1.2950
IncrementalReverseFast,301,321,1.2611
IncrementalReverseFast,301,341,1.2742
IncrementalReverseFast,301,361,1.2826
IncrementalReverseFast,301,381,1.2666
IncrementalReverseFast,301,401,1.2665
IncrementalReverseFast,321,1,1.2248
IncrementalReverseFast,321,21,1.2493
IncrementalReverseFast,321,41,1.2513
IncrementalReverseFast,321,61,1.2540
IncrementalReverseFast,321,81,1.3100
IncrementalReverseFast,321,101,1.2856
IncrementalReverseFast,321,121,1.2800
IncrementalReverseFast,321,141,1.2782
IncrementalReverseFast,321,161,1.2958
IncrementalReverseFast,321,181,1.3237
IncrementalReverseFast,321,201,1.2994
IncrementalReverseFast,321,221,1.3210
IncrementalReverseFast,321,241,1.3395
IncrementalReverseFast,321,261,1.3010
IncrementalReverseFast,321,281,1.3058
IncrementalReverseFast,321,301,1.3057
IncrementalReverseFast,321,321,1.3359
IncrementalReverseFast,321,341,1.3524
IncrementalReverseFast,321,361,1.3486
IncrementalReverseFast,321,381,1.3387
IncrementalReverseFast,321,401,1.3931
IncrementalReverseFast,341,1,1.2610
IncrementalReverseFast,341,21,1.2706
IncrementalReverseFast,341,41,1.2585
IncrementalReverseFast,341,61,1.3523
IncrementalReverseFast,341,81,1.2841
IncrementalReverseFast,341,101,1.2854
IncrementalReverseFast,341,121,1.3057
IncrementalReverseFast,341,141,1.2918
IncrementalReverseFast,341,161,1.3956
IncrementalReverseFast,341,181,1.3054
IncrementalReverseFast,341,201,1.3921
IncrementalReverseFast,341,221,1.3027
IncrementalReverseFast,341,241,1.3526
IncrementalReverseFast,341,261,1.3267
IncrementalReverseFast,341,281,1.3127
IncrementalReverseFast,341,301,1.3030
IncrementalReverseFast,341,321,1.3250
IncrementalReverseFast,341,341,1.3694
IncrementalReverseFast,341,361,1.3392
IncrementalReverseFast,341,381,1.3633
IncrementalReverseFast,341,401,1.3557
IncrementalReverseFast,361,1,1.2787
IncrementalReverseFast,361,21,1.2847
IncrementalReverseFast,361,41,1.2985
IncrementalReverseFast,361,61,1.3118
IncrementalReverseFast,361,81,1.3007
IncrementalReverseFast,361,101,1.3319
IncrementalReverseFast,361,121,1.3220
IncrementalReverseFast,361,141,1.3249
IncrementalReverseFast,361,161,1.3533
IncrementalReverseFast,361,181,1.3345
IncrementalReverseFast,361,201,1.3416
IncrementalReverseFast,361,221,1.3290
IncrementalReverseFast,361,241,1.3502
IncrementalReverseFast,361,261,1.3606
IncrementalReverseFast,361,281,1.3616
IncrementalReverseFast,361,301,1.3709
IncrementalReverseFast,361,321,1.3702
IncrementalReverseFast,361,341,1.3461
IncrementalReverseFast,361,361,1.3724
IncrementalReverseFast,361,381,1.3788
IncrementalReverseFast,361,401,1.3976
IncrementalReverseFast,381,1,1.2819
IncrementalReverseFast,381,21,1.3307
IncrementalReverseFast,381,41,1.3477
IncrementalReverseFast,381,61,1.3367
IncrementalReverseFast,381,81,1.3406
IncrementalReverseFast,381,101,1.3715
IncrementalReverseFast,381,121,1.3459
IncrementalReverseFast,381,141,1.3888
IncrementalReverseFast,381,161,1.3600
IncrementalReverseFast,381,181,1.3936
IncrementalReverseFast,381,201,1.4083
IncrementalReverseFast,381,221,1.4274
IncrementalReverseFast,381,241,1.4067
IncrementalReverseFast,381,261,1.3991
IncrementalReverseFast,381,281,1.4132
IncrementalReverseFast,381,301,1.4279
IncrementalReverseFast,381,321,1.3594
IncrementalReverseFast,381,341,1.4211
IncrementalReverseFast,381,361,1.4018
IncrementalReverseFast,381,381,1.4272
IncrementalReverseFast,381,401,1.4660
IncrementalReverseFast,401,1,1.3205
IncrementalReverseFast,401,21,1.3436
IncrementalReverseFast,401,41,1.3482
IncrementalReverseFast,401,61,1.3586
IncrementalReverseFast,401,81,1.3411
IncrementalReverseFast,401,101,1.3543
IncrementalReverseFast,401,121,1.3473
IncrementalReverseFast,401,141,1.3563
IncrementalReverseFast,401,161,1.3522
IncrementalReverseFast,401,181,1.3442
IncrementalReverseFast,401,201,1.3507
IncrementalReverseFast,401,221,1.3815
IncrementalReverseFast,401,241,1.4003
IncrementalReverseFast,401,261,1.4200
IncrementalReverseFast,401,281,1.4068
IncrementalReverseFast,401,301,1.4352
IncrementalReverseFast,401,321,1.4275
IncrementalReverseFast,401,341,1.4398
IncrementalReverseFast,401,361,1.4503
IncrementalReverseFast,401,381,1.4210
IncrementalReverseFast,401,401,1.4510
